-- MySQL dump 10.13  Distrib 5.5.46, for Linux (x86_64)
--
-- Host: localhost    Database: rails_app
-- ------------------------------------------------------
-- Server version	5.5.46

/*!40101 SET @OLD_CHARACTER_SET_CLIENT=@@CHARACTER_SET_CLIENT */;
/*!40101 SET @OLD_CHARACTER_SET_RESULTS=@@CHARACTER_SET_RESULTS */;
/*!40101 SET @OLD_COLLATION_CONNECTION=@@COLLATION_CONNECTION */;
/*!40101 SET NAMES utf8 */;
/*!40103 SET @OLD_TIME_ZONE=@@TIME_ZONE */;
/*!40103 SET TIME_ZONE='+00:00' */;
/*!40014 SET @OLD_UNIQUE_CHECKS=@@UNIQUE_CHECKS, UNIQUE_CHECKS=0 */;
/*!40014 SET @OLD_FOREIGN_KEY_CHECKS=@@FOREIGN_KEY_CHECKS, FOREIGN_KEY_CHECKS=0 */;
/*!40101 SET @OLD_SQL_MODE=@@SQL_MODE, SQL_MODE='NO_AUTO_VALUE_ON_ZERO' */;
/*!40111 SET @OLD_SQL_NOTES=@@SQL_NOTES, SQL_NOTES=0 */;

--
-- Table structure for table `course_skillsets`
--

DROP TABLE IF EXISTS `course_skillsets`;
/*!40101 SET @saved_cs_client     = @@character_set_client */;
/*!40101 SET character_set_client = utf8 */;
CREATE TABLE `course_skillsets` (
  `id` int(11) NOT NULL AUTO_INCREMENT,
  `course_id` int(11) DEFAULT NULL,
  `skill_id` int(11) DEFAULT NULL,
  `created_at` datetime NOT NULL,
  `updated_at` datetime NOT NULL,
  `min_rating` double DEFAULT NULL,
  PRIMARY KEY (`id`),
  KEY `index_course_skillsets_on_course_id` (`course_id`),
  KEY `index_course_skillsets_on_skill_id` (`skill_id`),
  CONSTRAINT `fk_rails_400113bf6b` FOREIGN KEY (`course_id`) REFERENCES `courses` (`id`),
  CONSTRAINT `fk_rails_9448e02484` FOREIGN KEY (`skill_id`) REFERENCES `skills` (`id`)
) ENGINE=InnoDB AUTO_INCREMENT=26 DEFAULT CHARSET=latin1;
/*!40101 SET character_set_client = @saved_cs_client */;

--
-- Dumping data for table `course_skillsets`
--

LOCK TABLES `course_skillsets` WRITE;
/*!40000 ALTER TABLE `course_skillsets` DISABLE KEYS */;
INSERT INTO `course_skillsets` VALUES (13,1,1,'2015-11-04 10:11:07','2015-11-04 10:11:07',2),(14,2,7,'2015-11-04 10:11:07','2015-11-04 10:11:07',1),(15,2,8,'2015-11-04 10:11:07','2015-11-04 10:11:07',1),(16,2,9,'2015-11-04 10:11:07','2015-11-04 10:11:07',1),(17,3,2,'2015-11-04 10:11:07','2015-11-04 10:11:07',2),(18,13,1,'2015-11-04 10:35:16','2015-11-04 10:35:16',3),(19,13,2,'2015-11-04 10:35:16','2015-11-04 10:35:16',1),(20,13,3,'2015-11-04 10:35:16','2015-11-04 10:35:16',2),(21,14,1,'2015-11-05 23:48:43','2015-11-05 23:48:43',2),(22,14,4,'2015-11-05 23:48:43','2015-11-05 23:48:43',1),(23,15,1,'2015-11-08 05:49:08','2015-11-08 05:49:08',2),(24,4,2,'2015-11-08 06:58:22','2015-11-08 06:58:22',3),(25,4,4,'2015-11-08 06:58:31','2015-11-08 06:58:31',3);
/*!40000 ALTER TABLE `course_skillsets` ENABLE KEYS */;
UNLOCK TABLES;

--
-- Table structure for table `courses`
--

DROP TABLE IF EXISTS `courses`;
/*!40101 SET @saved_cs_client     = @@character_set_client */;
/*!40101 SET character_set_client = utf8 */;
CREATE TABLE `courses` (
  `id` int(11) NOT NULL AUTO_INCREMENT,
  `name` varchar(255) DEFAULT NULL,
  `description` varchar(255) DEFAULT NULL,
  `max_members` int(11) DEFAULT NULL,
  `created_at` datetime NOT NULL,
  `updated_at` datetime NOT NULL,
  `min_time_commitment` int(11) DEFAULT NULL,
  `instructor_id` int(11) DEFAULT NULL,
  `start_date` datetime DEFAULT NULL,
  `end_date` datetime DEFAULT NULL,
  PRIMARY KEY (`id`)
) ENGINE=InnoDB AUTO_INCREMENT=16 DEFAULT CHARSET=latin1;
/*!40101 SET character_set_client = @saved_cs_client */;

--
-- Dumping data for table `courses`
--

LOCK TABLES `courses` WRITE;
/*!40000 ALTER TABLE `courses` DISABLE KEYS */;
INSERT INTO `courses` VALUES (1,'CS143','Database Systems',2,'2015-10-26 02:59:55','2015-11-08 05:51:32',6,NULL,'2015-10-01 00:00:00','2015-12-01 00:00:00'),(2,'CS188','Scalable Internet Services',4,'2015-10-26 02:59:55','2015-11-08 05:51:32',6,NULL,'2015-10-01 00:00:00','2015-12-01 00:00:00'),(3,'CS118','Networking',2,'2015-10-26 02:59:55','2015-11-08 05:51:32',6,NULL,'2015-10-01 00:00:00','2015-12-01 00:00:00'),(4,'CS174A','Computer Graphics',5,'2015-10-26 02:59:55','2015-11-08 05:51:32',6,NULL,'2015-10-01 00:00:00','2015-12-01 00:00:00'),(5,'CS130','Software Engineering',4,'2015-10-26 02:59:55','2015-11-08 05:51:32',6,NULL,'2015-10-01 00:00:00','2015-12-01 00:00:00'),(6,'CS 131','Hell on earth',3,'2015-11-03 22:47:09','2015-11-08 05:51:32',12,NULL,'2015-10-01 00:00:00','2015-12-01 00:00:00'),(7,'CS 132','Compiler Constuction',3,'2015-11-03 22:48:42','2015-11-08 05:51:32',14,NULL,'2015-10-01 00:00:00','2015-12-01 00:00:00'),(13,'abc','dfd',3,'2015-11-04 10:35:16','2015-11-08 05:51:32',4,3,'2015-10-01 00:00:00','2015-12-01 00:00:00'),(14,'cs101','basics',3,'2015-11-05 23:48:43','2015-11-08 05:51:32',8,4,'2015-10-01 00:00:00','2015-12-01 00:00:00'),(15,'CS145 ','Data Mining',3,'2015-11-08 05:49:08','2015-11-08 05:53:07',9,3,'2015-10-01 00:00:00','2015-11-08 05:53:02');
/*!40000 ALTER TABLE `courses` ENABLE KEYS */;
UNLOCK TABLES;

--
-- Table structure for table `enrollments`
--

DROP TABLE IF EXISTS `enrollments`;
/*!40101 SET @saved_cs_client     = @@character_set_client */;
/*!40101 SET character_set_client = utf8 */;
CREATE TABLE `enrollments` (
  `id` int(11) NOT NULL AUTO_INCREMENT,
  `course_id` int(11) DEFAULT NULL,
  `user_id` int(11) DEFAULT NULL,
  `time_committment` int(11) DEFAULT NULL,
  `start_date` datetime DEFAULT NULL,
  `finish_date` datetime DEFAULT NULL,
  `created_at` datetime NOT NULL,
  `updated_at` datetime NOT NULL,
  `time_commitment` int(11) DEFAULT NULL,
  PRIMARY KEY (`id`),
  KEY `index_enrollments_on_course_id` (`course_id`),
  KEY `index_enrollments_on_user_id` (`user_id`),
  CONSTRAINT `fk_rails_2e119501f4` FOREIGN KEY (`course_id`) REFERENCES `courses` (`id`),
  CONSTRAINT `fk_rails_e860e0e46b` FOREIGN KEY (`user_id`) REFERENCES `users` (`id`)
) ENGINE=InnoDB AUTO_INCREMENT=21 DEFAULT CHARSET=latin1;
/*!40101 SET character_set_client = @saved_cs_client */;

--
-- Dumping data for table `enrollments`
--

LOCK TABLES `enrollments` WRITE;
/*!40000 ALTER TABLE `enrollments` DISABLE KEYS */;
INSERT INTO `enrollments` VALUES (1,1,2,NULL,NULL,NULL,'2015-10-26 03:01:13','2015-10-29 08:19:31',2),(2,3,2,NULL,NULL,NULL,'2015-10-26 03:01:13','2015-10-29 08:19:31',2),(3,4,2,NULL,NULL,NULL,'2015-10-26 03:01:13','2015-10-29 08:19:31',2),(4,1,1,NULL,NULL,NULL,'2015-10-26 03:02:01','2015-10-30 08:23:18',5),(5,2,1,NULL,NULL,NULL,'2015-10-26 03:02:01','2015-10-30 07:38:14',8),(6,3,1,NULL,NULL,NULL,'2015-10-26 03:02:01','2015-10-30 07:38:07',6),(7,1,3,NULL,NULL,NULL,'2015-10-26 06:20:36','2015-11-11 10:05:10',8),(8,4,3,NULL,NULL,NULL,'2015-10-26 06:20:36','2015-10-29 08:19:31',2),(9,5,3,NULL,NULL,NULL,'2015-10-26 06:20:36','2015-10-29 08:19:31',2),(10,3,3,NULL,NULL,NULL,'2015-10-26 07:36:16','2015-10-29 08:19:31',2),(11,2,4,NULL,NULL,NULL,'2015-10-29 04:51:09','2015-10-29 08:19:31',2),(12,4,4,NULL,NULL,NULL,'2015-10-29 04:51:09','2015-10-29 08:19:31',2),(13,5,4,NULL,NULL,NULL,'2015-10-29 04:51:09','2015-10-29 08:19:31',2),(14,2,5,NULL,NULL,NULL,'2015-10-29 05:17:27','2015-10-29 08:19:31',2),(15,3,5,NULL,NULL,NULL,'2015-10-29 05:17:27','2015-10-29 08:19:31',2),(16,4,5,NULL,NULL,NULL,'2015-10-29 05:17:27','2015-10-29 08:40:21',1),(18,2,3,NULL,NULL,NULL,'2015-11-04 10:33:09','2015-11-04 10:33:09',2),(19,5,1,NULL,NULL,NULL,'2015-11-05 23:39:40','2015-11-05 23:44:40',5),(20,14,4,NULL,NULL,NULL,'2015-11-05 23:48:47','2015-11-05 23:48:47',2);
/*!40000 ALTER TABLE `enrollments` ENABLE KEYS */;
UNLOCK TABLES;

--
-- Table structure for table `mailboxer_conversation_opt_outs`
--

DROP TABLE IF EXISTS `mailboxer_conversation_opt_outs`;
/*!40101 SET @saved_cs_client     = @@character_set_client */;
/*!40101 SET character_set_client = utf8 */;
CREATE TABLE `mailboxer_conversation_opt_outs` (
  `id` int(11) NOT NULL AUTO_INCREMENT,
  `unsubscriber_id` int(11) DEFAULT NULL,
  `unsubscriber_type` varchar(255) DEFAULT NULL,
  `conversation_id` int(11) DEFAULT NULL,
  PRIMARY KEY (`id`),
  KEY `index_mailboxer_conversation_opt_outs_on_unsubscriber_id_type` (`unsubscriber_id`,`unsubscriber_type`),
  KEY `index_mailboxer_conversation_opt_outs_on_conversation_id` (`conversation_id`),
  CONSTRAINT `mb_opt_outs_on_conversations_id` FOREIGN KEY (`conversation_id`) REFERENCES `mailboxer_conversations` (`id`)
) ENGINE=InnoDB DEFAULT CHARSET=latin1;
/*!40101 SET character_set_client = @saved_cs_client */;

--
-- Dumping data for table `mailboxer_conversation_opt_outs`
--

LOCK TABLES `mailboxer_conversation_opt_outs` WRITE;
/*!40000 ALTER TABLE `mailboxer_conversation_opt_outs` DISABLE KEYS */;
/*!40000 ALTER TABLE `mailboxer_conversation_opt_outs` ENABLE KEYS */;
UNLOCK TABLES;

--
-- Table structure for table `mailboxer_conversations`
--

DROP TABLE IF EXISTS `mailboxer_conversations`;
/*!40101 SET @saved_cs_client     = @@character_set_client */;
/*!40101 SET character_set_client = utf8 */;
CREATE TABLE `mailboxer_conversations` (
  `id` int(11) NOT NULL AUTO_INCREMENT,
  `subject` varchar(255) DEFAULT '',
  `created_at` datetime NOT NULL,
  `updated_at` datetime NOT NULL,
  PRIMARY KEY (`id`)
) ENGINE=InnoDB AUTO_INCREMENT=3 DEFAULT CHARSET=latin1;
/*!40101 SET character_set_client = @saved_cs_client */;

--
-- Dumping data for table `mailboxer_conversations`
--

LOCK TABLES `mailboxer_conversations` WRITE;
/*!40000 ALTER TABLE `mailboxer_conversations` DISABLE KEYS */;
INSERT INTO `mailboxer_conversations` VALUES (1,'welcome','2015-11-02 09:08:57','2015-11-02 09:12:30'),(2,'hi','2015-11-05 23:46:12','2015-11-05 23:46:12');
/*!40000 ALTER TABLE `mailboxer_conversations` ENABLE KEYS */;
UNLOCK TABLES;

--
-- Table structure for table `mailboxer_notifications`
--

DROP TABLE IF EXISTS `mailboxer_notifications`;
/*!40101 SET @saved_cs_client     = @@character_set_client */;
/*!40101 SET character_set_client = utf8 */;
CREATE TABLE `mailboxer_notifications` (
  `id` int(11) NOT NULL AUTO_INCREMENT,
  `type` varchar(255) DEFAULT NULL,
  `body` text,
  `subject` varchar(255) DEFAULT '',
  `sender_id` int(11) DEFAULT NULL,
  `sender_type` varchar(255) DEFAULT NULL,
  `conversation_id` int(11) DEFAULT NULL,
  `draft` tinyint(1) DEFAULT '0',
  `notification_code` varchar(255) DEFAULT NULL,
  `notified_object_id` int(11) DEFAULT NULL,
  `notified_object_type` varchar(255) DEFAULT NULL,
  `attachment` varchar(255) DEFAULT NULL,
  `updated_at` datetime NOT NULL,
  `created_at` datetime NOT NULL,
  `global` tinyint(1) DEFAULT '0',
  `expires` datetime DEFAULT NULL,
  PRIMARY KEY (`id`),
  KEY `index_mailboxer_notifications_on_conversation_id` (`conversation_id`),
  KEY `index_mailboxer_notifications_on_type` (`type`),
  KEY `index_mailboxer_notifications_on_sender_id_and_sender_type` (`sender_id`,`sender_type`),
  KEY `index_mailboxer_notifications_on_notified_object_id_and_type` (`notified_object_id`,`notified_object_type`),
  CONSTRAINT `notifications_on_conversation_id` FOREIGN KEY (`conversation_id`) REFERENCES `mailboxer_conversations` (`id`)
) ENGINE=InnoDB AUTO_INCREMENT=88 DEFAULT CHARSET=latin1;
/*!40101 SET character_set_client = @saved_cs_client */;

--
-- Dumping data for table `mailboxer_notifications`
--

LOCK TABLES `mailboxer_notifications` WRITE;
/*!40000 ALTER TABLE `mailboxer_notifications` DISABLE KEYS */;
INSERT INTO `mailboxer_notifications` VALUES (1,NULL,'Bill Gates has invited you to join his team P2P!','INVITE',2,'User',NULL,0,'3',NULL,NULL,'1','2015-10-26 07:25:25','2015-10-26 07:25:25',0,NULL),(2,NULL,'Akash has accepted your invitation  to join team P2P','SUCCESS',NULL,NULL,NULL,0,'5',NULL,NULL,NULL,'2015-10-26 07:25:40','2015-10-26 07:25:40',0,NULL),(3,NULL,'Mark Zuckerberg has invited you to join his team DashDash!','INVITE',3,'User',NULL,0,'3',NULL,NULL,'2','2015-10-29 04:52:38','2015-10-29 04:52:38',0,NULL),(4,NULL,'Itachi has accepted your invitation  to join team DashDash','SUCCESS',NULL,NULL,NULL,0,'5',NULL,NULL,NULL,'2015-10-29 05:14:12','2015-10-29 05:14:12',0,NULL),(5,NULL,'Sakura Haruno has invited you to join his team Losing Experience!','INVITE',5,'User',NULL,0,'3',NULL,NULL,'3','2015-10-29 05:19:13','2015-10-29 05:19:12',0,NULL),(6,NULL,'Sakura Haruno has invited you to join his team Losing Experience!','INVITE',5,'User',NULL,0,'3',NULL,NULL,'3','2015-10-29 05:19:16','2015-10-29 05:19:16',0,NULL),(7,NULL,'Bill has rejected your invitation  to join team Losing Experience','DENIED',NULL,NULL,NULL,0,'5',NULL,NULL,NULL,'2015-10-29 05:27:01','2015-10-29 05:27:01',0,NULL),(8,NULL,'Bill Gates has invited you to join his team Movie Browser!','INVITE',2,'User',NULL,0,'3',NULL,NULL,'4','2015-10-30 08:56:44','2015-10-30 08:56:44',0,NULL),(9,NULL,'Bill Gates has invited you to join his team Movie Browser!','INVITE',2,'User',NULL,0,'3',NULL,NULL,'4','2015-10-30 08:56:51','2015-10-30 08:56:51',0,NULL),(10,NULL,'Akash has accepted your invitation  to join team Movie Browser','SUCCESS',NULL,NULL,NULL,0,'5',NULL,NULL,NULL,'2015-10-30 09:37:37','2015-10-30 09:37:37',0,NULL),(11,NULL,'Akash Malik has invited you to join his team P2P!','INVITE',1,'User',NULL,0,'3',NULL,NULL,'1','2015-10-30 21:46:06','2015-10-30 21:46:06',0,NULL),(12,NULL,'Akash has rejected your invitation  to join team Movie Browser','DENIED',NULL,NULL,NULL,0,'5',NULL,NULL,NULL,'2015-11-02 06:33:25','2015-11-02 06:33:25',0,NULL),(13,NULL,'Akash has rejected your invitation  to join team P2P','DENIED',NULL,NULL,NULL,0,'5',NULL,NULL,NULL,'2015-11-02 06:33:35','2015-11-02 06:33:35',0,NULL),(14,NULL,'Bill has rejected your invitation  to join team Losing Experience','DENIED',NULL,NULL,NULL,0,'5',NULL,NULL,NULL,'2015-11-02 06:34:35','2015-11-02 06:34:35',0,NULL),(15,NULL,'Bill Gates has invited you to join his team Losing Experience!','INVITE',2,'User',NULL,0,'3',NULL,NULL,'3','2015-11-02 06:59:27','2015-11-02 06:59:27',0,NULL),(16,NULL,'Mark has rejected your invitation  to join team Losing Experience','DENIED',NULL,NULL,NULL,0,'6',NULL,NULL,NULL,'2015-11-02 07:06:14','2015-11-02 07:06:14',0,NULL),(17,NULL,'Mark has rejected your invitation  to join team P2P','DENIED',NULL,NULL,NULL,0,'6',NULL,NULL,NULL,'2015-11-02 07:06:17','2015-11-02 07:06:17',0,NULL),(18,NULL,'Mark has rejected your invitation  to join team Movie Browser','DENIED',NULL,NULL,NULL,0,'6',NULL,NULL,NULL,'2015-11-02 07:06:19','2015-11-02 07:06:19',0,NULL),(19,NULL,'Bill Gates has invited you to join his team Losing Experience!','INVITE',2,'User',NULL,0,'3',NULL,NULL,'3','2015-11-02 07:10:26','2015-11-02 07:10:26',0,NULL),(20,NULL,'Mark has accepted your invitation  to join team Losing Experience','SUCCESS',NULL,NULL,NULL,0,'5',NULL,NULL,NULL,'2015-11-02 07:11:10','2015-11-02 07:11:10',0,NULL),(21,NULL,'Bill Gates has invited you to join his team P2P!','INVITE',2,'User',NULL,0,'3',NULL,NULL,'1','2015-11-02 07:18:00','2015-11-02 07:18:00',0,NULL),(22,NULL,'Mark has rejected your invitation  to join team P2P','DENIED',NULL,NULL,NULL,0,'6',NULL,NULL,NULL,'2015-11-02 07:20:26','2015-11-02 07:20:26',0,NULL),(23,NULL,'Mark Zuckerberg has invited you to join his team Losing Experience!','INVITE',3,'User',NULL,0,'3',NULL,NULL,'3','2015-11-02 07:29:43','2015-11-02 07:29:43',0,NULL),(24,NULL,'Bill has rejected your invitation  to join team Losing Experience','DENIED',NULL,NULL,NULL,0,'6',NULL,NULL,NULL,'2015-11-02 07:37:40','2015-11-02 07:37:40',0,NULL),(25,NULL,'Mark Zuckerberg has invited you to join his team Losing Experience!','INVITE',3,'User',NULL,0,'3',NULL,NULL,'3','2015-11-02 07:42:13','2015-11-02 07:42:13',0,NULL),(26,NULL,'Bill has rejected your invitation  to join team Losing Experience','DENIED',NULL,NULL,NULL,0,'6',NULL,NULL,NULL,'2015-11-02 07:42:59','2015-11-02 07:42:59',0,NULL),(27,NULL,'Mark Zuckerberg has expressed interest in joining your team Losing Experience !','OFFER',3,'User',NULL,0,'1',NULL,NULL,'3','2015-11-02 08:00:34','2015-11-02 08:00:34',0,NULL),(28,NULL,'Sakura Haruno has invited you to join his team Losing Experience!','INVITE',5,'User',NULL,0,'3',NULL,NULL,'3','2015-11-02 08:02:26','2015-11-02 08:02:26',0,NULL),(29,NULL,' You were accepted to the team Losing Experience','SUCCESS',NULL,NULL,NULL,0,'5',NULL,NULL,NULL,'2015-11-02 08:02:49','2015-11-02 08:02:49',0,NULL),(30,NULL,'Bill has accepted the invitation  to join team Losing Experience','SUCCESS',NULL,NULL,NULL,0,'5',NULL,NULL,NULL,'2015-11-02 08:03:44','2015-11-02 08:03:44',0,NULL),(31,NULL,'Bill has accepted the invitation  to join team Losing Experience','SUCCESS',NULL,NULL,NULL,0,'5',NULL,NULL,NULL,'2015-11-02 08:03:44','2015-11-02 08:03:44',0,NULL),(32,NULL,'Itachi has rejected your invitation  to join team Losing Experience','DENIED',NULL,NULL,NULL,0,'6',NULL,NULL,NULL,'2015-11-02 08:04:45','2015-11-02 08:04:45',0,NULL),(33,NULL,'Itachi has rejected your invitation  to join team DashDash','DENIED',NULL,NULL,NULL,0,'6',NULL,NULL,NULL,'2015-11-02 08:04:48','2015-11-02 08:04:48',0,NULL),(34,NULL,'Itachi Uchiha has expressed interest in joining your team Losing Experience !','OFFER',4,'User',NULL,0,'1',NULL,NULL,'3','2015-11-02 08:04:57','2015-11-02 08:04:57',0,NULL),(35,NULL,' Itachi was successfully added to your team Losing Experience','SUCCESS',NULL,NULL,NULL,0,'5',NULL,NULL,NULL,'2015-11-02 08:05:40','2015-11-02 08:05:40',0,NULL),(36,NULL,' Itachi was successfully added to your team Losing Experience','SUCCESS',NULL,NULL,NULL,0,'5',NULL,NULL,NULL,'2015-11-02 08:05:40','2015-11-02 08:05:40',0,NULL),(37,NULL,' You were accepted to the team Losing Experience','SUCCESS',NULL,NULL,NULL,0,'5',NULL,NULL,NULL,'2015-11-02 08:05:40','2015-11-02 08:05:40',0,NULL),(38,'Mailboxer::Message','welcome to the team. lets start discussing ideas.','welcome',3,'User',1,0,NULL,NULL,NULL,NULL,'2015-11-02 09:08:57','2015-11-02 09:08:57',0,NULL),(39,'Mailboxer::Message','sure. I\'d like that !','welcome',2,'User',1,0,NULL,NULL,NULL,NULL,'2015-11-02 09:10:44','2015-11-02 09:10:44',0,NULL),(40,'Mailboxer::Message','Me too. I like everything !','welcome',5,'User',1,0,NULL,NULL,NULL,NULL,'2015-11-02 09:11:39','2015-11-02 09:11:39',0,NULL),(41,'Mailboxer::Message','ahaha i know','welcome',2,'User',1,0,NULL,NULL,NULL,NULL,'2015-11-02 09:12:30','2015-11-02 09:12:30',0,NULL),(42,NULL,'Sakura Haruno has invited you to join his team Losing Experience!','INVITE',5,'User',NULL,0,'3',NULL,NULL,'3','2015-11-05 05:57:58','2015-11-05 05:57:58',0,NULL),(43,NULL,'Mark has accepted the invitation  to join team Losing Experience','SUCCESS',NULL,NULL,NULL,0,'5',NULL,NULL,NULL,'2015-11-05 05:58:08','2015-11-05 05:58:08',0,NULL),(44,NULL,'Mark has accepted the invitation  to join team Losing Experience','SUCCESS',NULL,NULL,NULL,0,'5',NULL,NULL,NULL,'2015-11-05 05:58:08','2015-11-05 05:58:08',0,NULL),(45,NULL,'Mark has accepted the invitation  to join team Losing Experience','SUCCESS',NULL,NULL,NULL,0,'5',NULL,NULL,NULL,'2015-11-05 05:58:08','2015-11-05 05:58:08',0,NULL),(46,NULL,'Sakura Haruno has invited you to join his team Losing Experience!','INVITE',5,'User',NULL,0,'3',NULL,NULL,'3','2015-11-05 05:59:17','2015-11-05 05:59:17',0,NULL),(47,NULL,'Mark has accepted the invitation  to join team Losing Experience','SUCCESS',NULL,NULL,NULL,0,'5',NULL,NULL,NULL,'2015-11-05 05:59:31','2015-11-05 05:59:31',0,NULL),(48,NULL,'Mark has accepted the invitation  to join team Losing Experience','SUCCESS',NULL,NULL,NULL,0,'5',NULL,NULL,NULL,'2015-11-05 05:59:31','2015-11-05 05:59:31',0,NULL),(49,NULL,'Mark has accepted the invitation  to join team Losing Experience','SUCCESS',NULL,NULL,NULL,0,'5',NULL,NULL,NULL,'2015-11-05 05:59:31','2015-11-05 05:59:31',0,NULL),(50,NULL,'Mark has left your team Losing Experience','TREACHERY',NULL,NULL,NULL,0,'7',NULL,NULL,NULL,'2015-11-05 05:59:38','2015-11-05 05:59:38',0,NULL),(51,NULL,'Mark has left your team Losing Experience','TREACHERY',NULL,NULL,NULL,0,'7',NULL,NULL,NULL,'2015-11-05 05:59:38','2015-11-05 05:59:38',0,NULL),(52,NULL,'Mark has left your team Losing Experience','TREACHERY',NULL,NULL,NULL,0,'7',NULL,NULL,NULL,'2015-11-05 05:59:38','2015-11-05 05:59:38',0,NULL),(53,NULL,'Akash has left your team Movie Browser','TREACHERY',NULL,NULL,NULL,0,'7',NULL,NULL,NULL,'2015-11-05 23:39:26','2015-11-05 23:39:26',0,NULL),(54,NULL,'Akash Malik has expressed interest in joining your team DashDash !','OFFER',1,'User',NULL,0,'1',NULL,NULL,'2','2015-11-05 23:40:11','2015-11-05 23:40:11',0,NULL),(55,NULL,' Akash was successfully added to your team DashDash','SUCCESS',NULL,NULL,NULL,0,'5',NULL,NULL,NULL,'2015-11-05 23:40:55','2015-11-05 23:40:55',0,NULL),(56,NULL,' You were accepted to the team DashDash','SUCCESS',NULL,NULL,NULL,0,'5',NULL,NULL,NULL,'2015-11-05 23:40:55','2015-11-05 23:40:55',0,NULL),(57,NULL,'Mark has left your team DashDash','TREACHERY',NULL,NULL,NULL,0,'7',NULL,NULL,NULL,'2015-11-05 23:41:55','2015-11-05 23:41:55',0,NULL),(58,NULL,'Mark has left your team DashDash','TREACHERY',NULL,NULL,NULL,0,'7',NULL,NULL,NULL,'2015-11-05 23:41:55','2015-11-05 23:41:55',0,NULL),(59,NULL,'Mark Zuckerberg has expressed interest in joining your team Movie Browser !','OFFER',3,'User',NULL,0,'1',NULL,NULL,'4','2015-11-05 23:42:05','2015-11-05 23:42:05',0,NULL),(60,NULL,' You were accepted to the team Movie Browser','SUCCESS',NULL,NULL,NULL,0,'5',NULL,NULL,NULL,'2015-11-05 23:43:08','2015-11-05 23:43:08',0,NULL),(61,NULL,'Bill Gates has invited you to join his team Movie Browser!','INVITE',2,'User',NULL,0,'3',NULL,NULL,'4','2015-11-05 23:43:23','2015-11-05 23:43:23',0,NULL),(62,'Mailboxer::Message','lets staert working','hi',1,'User',2,0,NULL,NULL,NULL,NULL,'2015-11-05 23:46:12','2015-11-05 23:46:12',0,NULL),(63,NULL,'Mark has left your team Movie Browser','TREACHERY',NULL,NULL,NULL,0,'7',NULL,NULL,NULL,'2015-11-06 23:01:45','2015-11-06 23:01:45',0,NULL),(64,NULL,'Please rate Mark\'s skill performance in the team Losing Experience','RATING',3,'User',NULL,0,'10',NULL,NULL,'3','2015-11-08 06:49:43','2015-11-08 06:49:43',0,NULL),(65,NULL,'Please rate Itachi\'s skill performance in the team Losing Experience','RATING',4,'User',NULL,0,'10',NULL,NULL,'3','2015-11-08 06:49:43','2015-11-08 06:49:43',0,NULL),(66,NULL,'Please rate Sakura\'s skill performance in the team Losing Experience','RATING',5,'User',NULL,0,'10',NULL,NULL,'3','2015-11-08 06:49:43','2015-11-08 06:49:43',0,NULL),(67,NULL,'Please rate Bill\'s skill performance in the team Losing Experience','RATING',2,'User',NULL,0,'10',NULL,NULL,'3','2015-11-08 06:49:43','2015-11-08 06:49:43',0,NULL),(68,NULL,'Please rate Itachi\'s skill performance in the team Losing Experience','RATING',4,'User',NULL,0,'10',NULL,NULL,'3','2015-11-08 06:49:43','2015-11-08 06:49:43',0,NULL),(69,NULL,'Please rate Sakura\'s skill performance in the team Losing Experience','RATING',5,'User',NULL,0,'10',NULL,NULL,'3','2015-11-08 06:49:43','2015-11-08 06:49:43',0,NULL),(70,NULL,'Please rate Bill\'s skill performance in the team Losing Experience','RATING',2,'User',NULL,0,'10',NULL,NULL,'3','2015-11-08 06:49:43','2015-11-08 06:49:43',0,NULL),(71,NULL,'Please rate Mark\'s skill performance in the team Losing Experience','RATING',3,'User',NULL,0,'10',NULL,NULL,'3','2015-11-08 06:49:43','2015-11-08 06:49:43',0,NULL),(72,NULL,'Please rate Sakura\'s skill performance in the team Losing Experience','RATING',5,'User',NULL,0,'10',NULL,NULL,'3','2015-11-08 06:49:43','2015-11-08 06:49:43',0,NULL),(73,NULL,'Please rate Bill\'s skill performance in the team Losing Experience','RATING',2,'User',NULL,0,'10',NULL,NULL,'3','2015-11-08 06:49:43','2015-11-08 06:49:43',0,NULL),(74,NULL,'Please rate Mark\'s skill performance in the team Losing Experience','RATING',3,'User',NULL,0,'10',NULL,NULL,'3','2015-11-08 06:49:43','2015-11-08 06:49:43',0,NULL),(75,NULL,'Please rate Itachi\'s skill performance in the team Losing Experience','RATING',4,'User',NULL,0,'10',NULL,NULL,'3','2015-11-08 06:49:43','2015-11-08 06:49:43',0,NULL),(76,NULL,'Please rate Mark\'s skill performance in the team Losing Experience','RATING',3,'User',NULL,0,'10',NULL,NULL,'3','2015-11-11 10:34:21','2015-11-11 10:34:21',0,NULL),(77,NULL,'Please rate Itachi\'s skill performance in the team Losing Experience','RATING',4,'User',NULL,0,'10',NULL,NULL,'3','2015-11-11 10:34:21','2015-11-11 10:34:21',0,NULL),(78,NULL,'Please rate Sakura\'s skill performance in the team Losing Experience','RATING',5,'User',NULL,0,'10',NULL,NULL,'3','2015-11-11 10:34:21','2015-11-11 10:34:21',0,NULL),(79,NULL,'Please rate Bill\'s skill performance in the team Losing Experience','RATING',2,'User',NULL,0,'10',NULL,NULL,'3','2015-11-11 10:34:21','2015-11-11 10:34:21',0,NULL),(80,NULL,'Please rate Itachi\'s skill performance in the team Losing Experience','RATING',4,'User',NULL,0,'10',NULL,NULL,'3','2015-11-11 10:34:21','2015-11-11 10:34:21',0,NULL),(81,NULL,'Please rate Sakura\'s skill performance in the team Losing Experience','RATING',5,'User',NULL,0,'10',NULL,NULL,'3','2015-11-11 10:34:21','2015-11-11 10:34:21',0,NULL),(82,NULL,'Please rate Bill\'s skill performance in the team Losing Experience','RATING',2,'User',NULL,0,'10',NULL,NULL,'3','2015-11-11 10:34:21','2015-11-11 10:34:21',0,NULL),(83,NULL,'Please rate Mark\'s skill performance in the team Losing Experience','RATING',3,'User',NULL,0,'10',NULL,NULL,'3','2015-11-11 10:34:21','2015-11-11 10:34:21',0,NULL),(84,NULL,'Please rate Sakura\'s skill performance in the team Losing Experience','RATING',5,'User',NULL,0,'10',NULL,NULL,'3','2015-11-11 10:34:21','2015-11-11 10:34:21',0,NULL),(85,NULL,'Please rate Bill\'s skill performance in the team Losing Experience','RATING',2,'User',NULL,0,'10',NULL,NULL,'3','2015-11-11 10:34:21','2015-11-11 10:34:21',0,NULL),(86,NULL,'Please rate Mark\'s skill performance in the team Losing Experience','RATING',3,'User',NULL,0,'10',NULL,NULL,'3','2015-11-11 10:34:21','2015-11-11 10:34:21',0,NULL),(87,NULL,'Please rate Itachi\'s skill performance in the team Losing Experience','RATING',4,'User',NULL,0,'10',NULL,NULL,'3','2015-11-11 10:34:21','2015-11-11 10:34:21',0,NULL);
/*!40000 ALTER TABLE `mailboxer_notifications` ENABLE KEYS */;
UNLOCK TABLES;

--
-- Table structure for table `mailboxer_receipts`
--

DROP TABLE IF EXISTS `mailboxer_receipts`;
/*!40101 SET @saved_cs_client     = @@character_set_client */;
/*!40101 SET character_set_client = utf8 */;
CREATE TABLE `mailboxer_receipts` (
  `id` int(11) NOT NULL AUTO_INCREMENT,
  `receiver_id` int(11) DEFAULT NULL,
  `receiver_type` varchar(255) DEFAULT NULL,
  `notification_id` int(11) NOT NULL,
  `is_read` tinyint(1) DEFAULT '0',
  `trashed` tinyint(1) DEFAULT '0',
  `deleted` tinyint(1) DEFAULT '0',
  `mailbox_type` varchar(25) DEFAULT NULL,
  `created_at` datetime NOT NULL,
  `updated_at` datetime NOT NULL,
  PRIMARY KEY (`id`),
  KEY `index_mailboxer_receipts_on_notification_id` (`notification_id`),
  KEY `index_mailboxer_receipts_on_receiver_id_and_receiver_type` (`receiver_id`,`receiver_type`),
  CONSTRAINT `receipts_on_notification_id` FOREIGN KEY (`notification_id`) REFERENCES `mailboxer_notifications` (`id`)
) ENGINE=InnoDB AUTO_INCREMENT=101 DEFAULT CHARSET=latin1;
/*!40101 SET character_set_client = @saved_cs_client */;

--
-- Dumping data for table `mailboxer_receipts`
--

LOCK TABLES `mailboxer_receipts` WRITE;
/*!40000 ALTER TABLE `mailboxer_receipts` DISABLE KEYS */;
INSERT INTO `mailboxer_receipts` VALUES (1,1,'User',1,0,0,1,NULL,'2015-10-26 07:25:25','2015-10-26 07:25:25'),(2,2,'User',2,0,0,1,NULL,'2015-10-26 07:25:40','2015-10-26 07:25:40'),(3,4,'User',3,0,0,1,NULL,'2015-10-29 04:52:38','2015-10-29 04:52:38'),(4,3,'User',4,0,0,1,NULL,'2015-10-29 05:14:12','2015-10-29 05:14:12'),(5,4,'User',5,0,0,1,NULL,'2015-10-29 05:19:12','2015-10-29 05:19:12'),(6,2,'User',6,0,0,1,NULL,'2015-10-29 05:19:16','2015-10-29 05:19:16'),(7,5,'User',7,0,0,1,NULL,'2015-10-29 05:27:01','2015-10-29 05:27:01'),(8,1,'User',8,0,0,1,NULL,'2015-10-30 08:56:44','2015-10-30 08:56:44'),(9,3,'User',9,0,0,1,NULL,'2015-10-30 08:56:51','2015-10-30 08:56:51'),(10,2,'User',10,0,0,1,NULL,'2015-10-30 09:37:37','2015-10-30 09:37:37'),(11,3,'User',11,0,0,1,NULL,'2015-10-30 21:46:06','2015-10-30 21:46:06'),(12,2,'User',12,0,0,1,NULL,'2015-11-02 06:33:25','2015-11-02 06:33:25'),(13,2,'User',13,0,0,1,NULL,'2015-11-02 06:33:35','2015-11-02 06:33:35'),(14,5,'User',14,0,0,1,NULL,'2015-11-02 06:34:35','2015-11-02 06:34:35'),(15,3,'User',15,0,0,1,NULL,'2015-11-02 06:59:27','2015-11-02 06:59:27'),(16,2,'User',16,0,0,1,NULL,'2015-11-02 07:06:14','2015-11-02 07:06:14'),(17,1,'User',17,0,0,1,NULL,'2015-11-02 07:06:17','2015-11-02 07:06:17'),(18,2,'User',18,0,0,1,NULL,'2015-11-02 07:06:19','2015-11-02 07:06:19'),(19,3,'User',19,0,0,1,NULL,'2015-11-02 07:10:26','2015-11-02 07:10:26'),(20,2,'User',20,0,0,1,NULL,'2015-11-02 07:11:10','2015-11-02 07:11:10'),(21,3,'User',21,0,0,1,NULL,'2015-11-02 07:18:00','2015-11-02 07:18:00'),(22,2,'User',22,0,0,1,NULL,'2015-11-02 07:20:26','2015-11-02 07:20:26'),(23,2,'User',23,0,0,1,NULL,'2015-11-02 07:29:43','2015-11-02 07:29:43'),(24,3,'User',24,0,0,1,NULL,'2015-11-02 07:37:40','2015-11-02 07:37:40'),(25,2,'User',25,0,0,1,NULL,'2015-11-02 07:42:13','2015-11-02 07:42:13'),(26,3,'User',26,0,0,1,NULL,'2015-11-02 07:42:59','2015-11-02 07:42:59'),(27,5,'User',27,0,0,1,NULL,'2015-11-02 08:00:34','2015-11-02 08:00:34'),(28,2,'User',28,0,0,1,NULL,'2015-11-02 08:02:26','2015-11-02 08:02:26'),(29,3,'User',29,0,0,1,NULL,'2015-11-02 08:02:49','2015-11-02 08:02:49'),(30,5,'User',30,0,0,1,NULL,'2015-11-02 08:03:44','2015-11-02 08:03:44'),(31,3,'User',31,0,0,1,NULL,'2015-11-02 08:03:44','2015-11-02 08:03:44'),(32,5,'User',32,0,0,1,NULL,'2015-11-02 08:04:45','2015-11-02 08:04:45'),(33,3,'User',33,0,0,1,NULL,'2015-11-02 08:04:48','2015-11-02 08:04:48'),(34,5,'User',34,0,0,1,NULL,'2015-11-02 08:04:57','2015-11-02 08:04:57'),(35,2,'User',35,0,0,1,NULL,'2015-11-02 08:05:40','2015-11-02 08:05:40'),(36,3,'User',36,0,0,1,NULL,'2015-11-02 08:05:40','2015-11-02 08:05:40'),(37,4,'User',37,0,0,1,NULL,'2015-11-02 08:05:40','2015-11-02 08:05:40'),(38,2,'User',38,1,0,0,'inbox','2015-11-02 09:08:57','2015-11-02 09:08:57'),(39,4,'User',38,0,0,0,'inbox','2015-11-02 09:08:57','2015-11-02 09:08:57'),(40,5,'User',38,1,0,0,'inbox','2015-11-02 09:08:57','2015-11-02 09:08:57'),(41,3,'User',38,1,0,0,'sentbox','2015-11-02 09:08:57','2015-11-02 09:08:57'),(42,4,'User',39,0,0,0,'inbox','2015-11-02 09:10:44','2015-11-02 09:10:44'),(43,5,'User',39,1,0,0,'inbox','2015-11-02 09:10:44','2015-11-02 09:10:44'),(44,3,'User',39,1,0,0,'inbox','2015-11-02 09:10:44','2015-11-02 09:10:44'),(45,2,'User',39,1,0,0,'sentbox','2015-11-02 09:10:44','2015-11-02 09:10:44'),(46,4,'User',40,0,0,0,'inbox','2015-11-02 09:11:39','2015-11-02 09:11:39'),(47,3,'User',40,1,0,0,'inbox','2015-11-02 09:11:39','2015-11-02 09:11:39'),(48,2,'User',40,1,0,0,'inbox','2015-11-02 09:11:39','2015-11-02 09:11:39'),(49,5,'User',40,1,0,0,'sentbox','2015-11-02 09:11:39','2015-11-02 09:11:39'),(50,4,'User',41,0,0,0,'inbox','2015-11-02 09:12:30','2015-11-02 09:12:30'),(51,3,'User',41,1,0,0,'inbox','2015-11-02 09:12:30','2015-11-02 09:12:30'),(52,5,'User',41,1,0,0,'inbox','2015-11-02 09:12:30','2015-11-02 09:12:30'),(53,2,'User',41,1,0,0,'sentbox','2015-11-02 09:12:30','2015-11-02 09:12:30'),(54,3,'User',42,0,0,1,NULL,'2015-11-05 05:57:58','2015-11-05 05:57:58'),(55,2,'User',43,0,0,1,NULL,'2015-11-05 05:58:08','2015-11-05 05:58:08'),(56,4,'User',44,0,0,1,NULL,'2015-11-05 05:58:08','2015-11-05 05:58:08'),(57,5,'User',45,0,0,1,NULL,'2015-11-05 05:58:08','2015-11-05 05:58:08'),(58,3,'User',46,0,0,1,NULL,'2015-11-05 05:59:17','2015-11-05 05:59:17'),(59,2,'User',47,0,0,1,NULL,'2015-11-05 05:59:31','2015-11-05 05:59:31'),(60,4,'User',48,0,0,1,NULL,'2015-11-05 05:59:31','2015-11-05 05:59:31'),(61,5,'User',49,0,0,1,NULL,'2015-11-05 05:59:31','2015-11-05 05:59:31'),(62,2,'User',50,0,0,1,NULL,'2015-11-05 05:59:38','2015-11-05 05:59:38'),(63,4,'User',51,0,0,1,NULL,'2015-11-05 05:59:38','2015-11-05 05:59:38'),(64,5,'User',52,0,0,1,NULL,'2015-11-05 05:59:38','2015-11-05 05:59:38'),(65,2,'User',53,0,0,1,NULL,'2015-11-05 23:39:26','2015-11-05 23:39:26'),(66,3,'User',54,0,0,1,NULL,'2015-11-05 23:40:11','2015-11-05 23:40:11'),(67,4,'User',55,0,0,1,NULL,'2015-11-05 23:40:55','2015-11-05 23:40:55'),(68,1,'User',56,0,0,1,NULL,'2015-11-05 23:40:55','2015-11-05 23:40:55'),(69,1,'User',57,0,0,1,NULL,'2015-11-05 23:41:55','2015-11-05 23:41:55'),(70,4,'User',58,0,0,1,NULL,'2015-11-05 23:41:55','2015-11-05 23:41:55'),(71,2,'User',59,0,0,1,NULL,'2015-11-05 23:42:05','2015-11-05 23:42:05'),(72,3,'User',60,0,0,1,NULL,'2015-11-05 23:43:08','2015-11-05 23:43:08'),(73,1,'User',61,0,0,1,NULL,'2015-11-05 23:43:23','2015-11-05 23:43:23'),(74,4,'User',62,1,0,0,'inbox','2015-11-05 23:46:12','2015-11-05 23:46:12'),(75,1,'User',62,1,0,0,'sentbox','2015-11-05 23:46:12','2015-11-05 23:46:12'),(76,2,'User',63,0,0,1,NULL,'2015-11-06 23:01:45','2015-11-06 23:01:45'),(77,2,'User',64,0,0,1,NULL,'2015-11-08 06:49:43','2015-11-08 06:49:43'),(78,2,'User',65,0,0,1,NULL,'2015-11-08 06:49:43','2015-11-08 06:49:43'),(79,2,'User',66,0,0,1,NULL,'2015-11-08 06:49:43','2015-11-08 06:49:43'),(80,3,'User',67,0,0,1,NULL,'2015-11-08 06:49:43','2015-11-08 06:49:43'),(81,3,'User',68,0,0,1,NULL,'2015-11-08 06:49:43','2015-11-08 06:49:43'),(82,3,'User',69,0,0,1,NULL,'2015-11-08 06:49:43','2015-11-08 06:49:43'),(83,4,'User',70,0,0,0,NULL,'2015-11-08 06:49:43','2015-11-08 06:49:43'),(84,4,'User',71,0,0,0,NULL,'2015-11-08 06:49:43','2015-11-08 06:49:43'),(85,4,'User',72,0,0,0,NULL,'2015-11-08 06:49:43','2015-11-08 06:49:43'),(86,5,'User',73,0,0,0,NULL,'2015-11-08 06:49:43','2015-11-08 06:49:43'),(87,5,'User',74,0,0,0,NULL,'2015-11-08 06:49:43','2015-11-08 06:49:43'),(88,5,'User',75,0,0,0,NULL,'2015-11-08 06:49:43','2015-11-08 06:49:43'),(89,2,'User',76,0,0,1,NULL,'2015-11-11 10:34:21','2015-11-11 10:34:21'),(90,2,'User',77,0,0,1,NULL,'2015-11-11 10:34:21','2015-11-11 10:34:21'),(91,2,'User',78,0,0,1,NULL,'2015-11-11 10:34:21','2015-11-11 10:34:21'),(92,3,'User',79,0,0,1,NULL,'2015-11-11 10:34:21','2015-11-11 10:34:21'),(93,3,'User',80,0,0,1,NULL,'2015-11-11 10:34:21','2015-11-11 10:34:21'),(94,3,'User',81,0,0,1,NULL,'2015-11-11 10:34:21','2015-11-11 10:34:21'),(95,4,'User',82,0,0,0,NULL,'2015-11-11 10:34:21','2015-11-11 10:34:21'),(96,4,'User',83,0,0,0,NULL,'2015-11-11 10:34:21','2015-11-11 10:34:21'),(97,4,'User',84,0,0,0,NULL,'2015-11-11 10:34:21','2015-11-11 10:34:21'),(98,5,'User',85,0,0,0,NULL,'2015-11-11 10:34:21','2015-11-11 10:34:21'),(99,5,'User',86,0,0,0,NULL,'2015-11-11 10:34:21','2015-11-11 10:34:21'),(100,5,'User',87,0,0,0,NULL,'2015-11-11 10:34:21','2015-11-11 10:34:21');
/*!40000 ALTER TABLE `mailboxer_receipts` ENABLE KEYS */;
UNLOCK TABLES;

--
-- Table structure for table `schema_migrations`
--

DROP TABLE IF EXISTS `schema_migrations`;
/*!40101 SET @saved_cs_client     = @@character_set_client */;
/*!40101 SET character_set_client = utf8 */;
CREATE TABLE `schema_migrations` (
  `version` varchar(255) NOT NULL,
  UNIQUE KEY `unique_schema_migrations` (`version`)
) ENGINE=InnoDB DEFAULT CHARSET=latin1;
/*!40101 SET character_set_client = @saved_cs_client */;

--
-- Dumping data for table `schema_migrations`
--

LOCK TABLES `schema_migrations` WRITE;
/*!40000 ALTER TABLE `schema_migrations` DISABLE KEYS */;
INSERT INTO `schema_migrations` VALUES ('20151016215913'),('20151016220142'),('20151016220606'),('20151017042558'),('20151017063200'),('20151020070902'),('20151020070903'),('20151020070904'),('20151020095649'),('20151024035144'),('20151024035441'),('20151024035738'),('20151027095431'),('20151029061104'),('20151029061632'),('20151029062058'),('20151029062420'),('20151029062617'),('20151101220614'),('20151102052906'),('20151102053741'),('20151102054758'),('20151105060728'),('20151108053048'),('20151108053432'),('20151108054307'),('20151108055531'),('20151108083720'),('20151111105132'),('20151111105506'),('20151111110928');
/*!40000 ALTER TABLE `schema_migrations` ENABLE KEYS */;
UNLOCK TABLES;

--
-- Table structure for table `skill_ratings`
--

DROP TABLE IF EXISTS `skill_ratings`;
/*!40101 SET @saved_cs_client     = @@character_set_client */;
/*!40101 SET character_set_client = utf8 */;
CREATE TABLE `skill_ratings` (
  `id` int(11) NOT NULL AUTO_INCREMENT,
  `skill_id` int(11) DEFAULT NULL,
  `user_id` int(11) DEFAULT NULL,
  `rating` double DEFAULT NULL,
  `created_at` datetime NOT NULL,
  `updated_at` datetime NOT NULL,
  `reviews` int(11) DEFAULT '0',
  PRIMARY KEY (`id`),
  KEY `index_skill_ratings_on_skill_id` (`skill_id`),
  KEY `index_skill_ratings_on_user_id` (`user_id`),
  CONSTRAINT `fk_rails_4235ea9a82` FOREIGN KEY (`user_id`) REFERENCES `users` (`id`),
  CONSTRAINT `fk_rails_bfc6e783d1` FOREIGN KEY (`skill_id`) REFERENCES `skills` (`id`)
) ENGINE=InnoDB AUTO_INCREMENT=46 DEFAULT CHARSET=latin1;
/*!40101 SET character_set_client = @saved_cs_client */;

--
-- Dumping data for table `skill_ratings`
--

LOCK TABLES `skill_ratings` WRITE;
/*!40000 ALTER TABLE `skill_ratings` DISABLE KEYS */;
INSERT INTO `skill_ratings` VALUES (1,1,1,3,'2015-10-26 02:56:48','2015-10-26 03:02:53',0),(2,2,1,1,'2015-10-26 02:56:48','2015-10-26 03:02:53',0),(3,3,1,3,'2015-10-26 02:56:48','2015-11-05 23:45:31',0),(4,4,1,0,'2015-10-26 02:56:48','2015-10-26 02:56:48',0),(5,5,1,0,'2015-10-26 02:56:48','2015-10-26 02:56:48',0),(6,6,1,1,'2015-10-26 02:56:48','2015-10-26 03:02:53',0),(7,7,1,3,'2015-10-26 02:56:48','2015-11-05 23:45:31',0),(8,8,1,1,'2015-10-26 02:56:48','2015-10-26 03:02:53',0),(9,9,1,0,'2015-10-26 02:56:49','2015-10-26 02:56:49',0),(10,1,2,3,'2015-10-26 02:57:50','2015-10-26 06:22:49',0),(11,2,2,0,'2015-10-26 02:57:50','2015-11-11 11:37:16',0),(12,3,2,3,'2015-10-26 02:57:50','2015-10-26 06:22:49',0),(13,4,2,3,'2015-10-26 02:57:50','2015-11-11 11:36:02',1),(14,5,2,0,'2015-10-26 02:57:50','2015-10-26 02:57:50',0),(15,6,2,0,'2015-10-26 02:57:50','2015-10-26 02:57:50',0),(16,7,2,0,'2015-10-26 02:57:50','2015-10-26 02:57:50',0),(17,8,2,0,'2015-10-26 02:57:50','2015-10-26 02:57:50',0),(18,9,2,0,'2015-10-26 02:57:50','2015-10-26 02:57:50',0),(19,1,3,3,'2015-10-26 06:20:28','2015-11-11 09:56:31',0),(20,2,3,0.25,'2015-10-26 06:20:28','2015-11-11 11:38:09',1),(21,3,3,0,'2015-10-26 06:20:28','2015-11-11 09:56:31',0),(22,4,3,0.75,'2015-10-26 06:20:28','2015-11-11 11:38:09',1),(23,5,3,0,'2015-10-26 06:20:28','2015-11-11 09:56:31',0),(24,6,3,0,'2015-10-26 06:20:28','2015-11-11 09:56:31',0),(25,7,3,0,'2015-10-26 06:20:28','2015-11-11 09:56:31',0),(26,8,3,0,'2015-10-26 06:20:28','2015-11-11 09:56:31',0),(27,9,3,0,'2015-10-26 06:20:28','2015-11-11 09:56:31',0),(28,1,4,3,'2015-10-29 04:50:35','2015-10-29 04:50:57',0),(29,2,4,2.1875,'2015-10-29 04:50:35','2015-11-11 11:38:20',2),(30,3,4,3,'2015-10-29 04:50:35','2015-10-29 04:50:57',0),(31,4,4,2.75,'2015-10-29 04:50:35','2015-11-11 11:38:20',2),(32,5,4,0,'2015-10-29 04:50:35','2015-10-29 04:50:35',0),(33,6,4,3,'2015-10-29 04:50:35','2015-10-29 04:50:57',0),(34,7,4,1,'2015-10-29 04:50:35','2015-10-29 04:50:57',0),(35,8,4,0,'2015-10-29 04:50:35','2015-10-29 04:50:35',0),(36,9,4,0,'2015-10-29 04:50:35','2015-10-29 04:50:35',0),(37,1,5,0,'2015-10-29 05:15:39','2015-10-29 05:15:39',0),(38,2,5,0,'2015-10-29 05:15:39','2015-11-11 11:38:39',3),(39,3,5,0,'2015-10-29 05:15:39','2015-10-29 05:15:39',0),(40,4,5,0.328125,'2015-10-29 05:15:39','2015-11-11 11:38:39',3),(41,5,5,0,'2015-10-29 05:15:39','2015-10-29 05:15:39',0),(42,6,5,0,'2015-10-29 05:15:39','2015-10-29 05:15:39',0),(43,7,5,0,'2015-10-29 05:15:39','2015-10-29 05:15:39',0),(44,8,5,0,'2015-10-29 05:15:39','2015-10-29 05:15:39',0),(45,9,5,1,'2015-10-29 05:15:39','2015-10-29 05:17:13',0);
/*!40000 ALTER TABLE `skill_ratings` ENABLE KEYS */;
UNLOCK TABLES;

--
-- Table structure for table `skills`
--

DROP TABLE IF EXISTS `skills`;
/*!40101 SET @saved_cs_client     = @@character_set_client */;
/*!40101 SET character_set_client = utf8 */;
CREATE TABLE `skills` (
  `id` int(11) NOT NULL AUTO_INCREMENT,
  `name` varchar(255) DEFAULT NULL,
  `created_at` datetime NOT NULL,
  `updated_at` datetime NOT NULL,
  PRIMARY KEY (`id`)
) ENGINE=InnoDB AUTO_INCREMENT=10 DEFAULT CHARSET=latin1;
/*!40101 SET character_set_client = @saved_cs_client */;

--
-- Dumping data for table `skills`
--

LOCK TABLES `skills` WRITE;
/*!40000 ALTER TABLE `skills` DISABLE KEYS */;
INSERT INTO `skills` VALUES (1,'C++','2015-10-26 02:49:14','2015-10-26 02:49:14'),(2,'Python','2015-10-26 02:49:14','2015-10-26 02:49:14'),(3,'C','2015-10-26 02:49:14','2015-10-26 02:49:14'),(4,'Java','2015-10-26 02:49:14','2015-10-26 02:49:14'),(5,'iOS','2015-10-26 02:49:14','2015-10-26 02:49:14'),(6,'Android','2015-10-26 02:49:14','2015-10-26 02:49:14'),(7,'JavaScript','2015-10-26 02:49:14','2015-10-26 02:49:14'),(8,'Backend','2015-10-26 02:49:14','2015-10-26 02:49:14'),(9,'Frontend','2015-10-26 02:49:14','2015-10-26 02:49:14');
/*!40000 ALTER TABLE `skills` ENABLE KEYS */;
UNLOCK TABLES;

--
-- Table structure for table `teachings`
--

DROP TABLE IF EXISTS `teachings`;
/*!40101 SET @saved_cs_client     = @@character_set_client */;
/*!40101 SET character_set_client = utf8 */;
CREATE TABLE `teachings` (
  `id` int(11) NOT NULL AUTO_INCREMENT,
  `user_id` int(11) DEFAULT NULL,
  `course_id` int(11) DEFAULT NULL,
  `created_at` datetime NOT NULL,
  `updated_at` datetime NOT NULL,
  PRIMARY KEY (`id`)
) ENGINE=InnoDB DEFAULT CHARSET=latin1;
/*!40101 SET character_set_client = @saved_cs_client */;

--
-- Dumping data for table `teachings`
--

LOCK TABLES `teachings` WRITE;
/*!40000 ALTER TABLE `teachings` DISABLE KEYS */;
/*!40000 ALTER TABLE `teachings` ENABLE KEYS */;
UNLOCK TABLES;

--
-- Table structure for table `team_memberships`
--

DROP TABLE IF EXISTS `team_memberships`;
/*!40101 SET @saved_cs_client     = @@character_set_client */;
/*!40101 SET character_set_client = utf8 */;
CREATE TABLE `team_memberships` (
  `id` int(11) NOT NULL AUTO_INCREMENT,
  `user_id` int(11) DEFAULT NULL,
  `team_id` int(11) DEFAULT NULL,
  `feedback` text,
  `created_at` datetime NOT NULL,
  `updated_at` datetime NOT NULL,
  PRIMARY KEY (`id`),
  KEY `index_team_memberships_on_user_id` (`user_id`),
  KEY `index_team_memberships_on_team_id` (`team_id`),
  CONSTRAINT `fk_rails_5aba9331a7` FOREIGN KEY (`user_id`) REFERENCES `users` (`id`),
  CONSTRAINT `fk_rails_61c29b529e` FOREIGN KEY (`team_id`) REFERENCES `teams` (`id`)
) ENGINE=InnoDB AUTO_INCREMENT=15 DEFAULT CHARSET=latin1;
/*!40101 SET character_set_client = @saved_cs_client */;

--
-- Dumping data for table `team_memberships`
--

LOCK TABLES `team_memberships` WRITE;
/*!40000 ALTER TABLE `team_memberships` DISABLE KEYS */;
INSERT INTO `team_memberships` VALUES (1,2,1,NULL,'2015-10-26 07:06:45','2015-10-26 07:06:45'),(2,1,1,NULL,'2015-10-26 07:25:40','2015-10-26 07:25:40'),(4,4,2,NULL,'2015-10-29 05:14:12','2015-10-29 05:14:12'),(5,5,3,NULL,'2015-10-29 05:18:59','2015-10-29 05:18:59'),(6,2,4,NULL,'2015-10-30 08:56:38','2015-10-30 08:56:38'),(11,2,3,NULL,'2015-11-02 08:03:44','2015-11-02 08:03:44'),(12,4,3,NULL,'2015-11-02 08:05:40','2015-11-02 08:05:40'),(13,1,2,NULL,'2015-11-05 23:40:55','2015-11-05 23:40:55'),(14,3,3,NULL,'2015-11-08 06:47:22','2015-11-08 06:47:22');
/*!40000 ALTER TABLE `team_memberships` ENABLE KEYS */;
UNLOCK TABLES;

--
-- Table structure for table `teams`
--

DROP TABLE IF EXISTS `teams`;
/*!40101 SET @saved_cs_client     = @@character_set_client */;
/*!40101 SET character_set_client = utf8 */;
CREATE TABLE `teams` (
  `id` int(11) NOT NULL AUTO_INCREMENT,
  `course_id` int(11) DEFAULT NULL,
  `name` varchar(255) DEFAULT NULL,
  `description` text,
  `created_at` datetime NOT NULL,
  `updated_at` datetime NOT NULL,
  `passcode` varchar(255) DEFAULT NULL,
  `team_owner_id` int(11) DEFAULT NULL,
  `github` varchar(255) DEFAULT NULL,
  PRIMARY KEY (`id`),
  KEY `index_teams_on_course_id` (`course_id`),
  CONSTRAINT `fk_rails_360501fe0e` FOREIGN KEY (`course_id`) REFERENCES `courses` (`id`)
) ENGINE=InnoDB AUTO_INCREMENT=5 DEFAULT CHARSET=latin1;
/*!40101 SET character_set_client = @saved_cs_client */;

--
-- Dumping data for table `teams`
--

LOCK TABLES `teams` WRITE;
/*!40000 ALTER TABLE `teams` DISABLE KEYS */;
INSERT INTO `teams` VALUES (1,3,'P2P','Bittorrent clone','2015-10-26 07:06:45','2015-10-26 07:06:45','join or die',2,NULL),(2,5,'DashDash','Autocomplete parallized BASH','2015-10-26 07:39:06','2015-11-05 23:41:55','join or die',4,'https://github.com/tsleeve/teamup2'),(3,4,'Losing Experience','Join this team so you can lose definitely. Thats what I\'m best at.. being a loser','2015-10-29 05:18:59','2015-10-29 05:18:59','join or die',5,NULL),(4,1,'Movie Browser','MovieActor Database','2015-10-30 08:56:38','2015-10-30 08:56:38','join or die',2,NULL);
/*!40000 ALTER TABLE `teams` ENABLE KEYS */;
UNLOCK TABLES;

--
-- Table structure for table `users`
--

DROP TABLE IF EXISTS `users`;
/*!40101 SET @saved_cs_client     = @@character_set_client */;
/*!40101 SET character_set_client = utf8 */;
CREATE TABLE `users` (
  `id` int(11) NOT NULL AUTO_INCREMENT,
  `email` varchar(255) NOT NULL DEFAULT '',
  `encrypted_password` varchar(255) NOT NULL DEFAULT '',
  `reset_password_token` varchar(255) DEFAULT NULL,
  `reset_password_sent_at` datetime DEFAULT NULL,
  `remember_created_at` datetime DEFAULT NULL,
  `sign_in_count` int(11) NOT NULL DEFAULT '0',
  `current_sign_in_at` datetime DEFAULT NULL,
  `last_sign_in_at` datetime DEFAULT NULL,
  `current_sign_in_ip` varchar(255) DEFAULT NULL,
  `last_sign_in_ip` varchar(255) DEFAULT NULL,
  `created_at` datetime NOT NULL,
  `updated_at` datetime NOT NULL,
  `first_name` varchar(255) DEFAULT NULL,
  `last_name` varchar(255) DEFAULT NULL,
  `sid` int(11) DEFAULT NULL,
  `major` varchar(255) DEFAULT NULL,
  `year` int(11) DEFAULT NULL,
  `prof_pic_file_name` varchar(255) DEFAULT NULL,
  `prof_pic_content_type` varchar(255) DEFAULT NULL,
  `prof_pic_file_size` int(11) DEFAULT NULL,
  `prof_pic_updated_at` datetime DEFAULT NULL,
  `github` varchar(255) DEFAULT NULL,
  `prof` tinyint(1) DEFAULT '0',
  `dependability` double DEFAULT '10',
  `reviews` int(11) DEFAULT '0',
  PRIMARY KEY (`id`),
  UNIQUE KEY `index_users_on_email` (`email`),
  UNIQUE KEY `index_users_on_reset_password_token` (`reset_password_token`)
) ENGINE=InnoDB AUTO_INCREMENT=506 DEFAULT CHARSET=latin1;
/*!40101 SET character_set_client = @saved_cs_client */;

--
-- Dumping data for table `users`
--

LOCK TABLES `users` WRITE;
/*!40000 ALTER TABLE `users` DISABLE KEYS */;
INSERT INTO `users` VALUES (1,'akash5malik@gmail.com','$2a$10$Ia0Op0tShf8q8jospAMK6OXdej/lecgDW3Y7qcZd6xhf4hqkPxsYO',NULL,NULL,NULL,11,'2015-11-05 23:43:47','2015-11-05 23:38:18','71.189.165.212','71.189.165.212','2015-10-26 02:46:14','2015-11-11 10:58:30','Akash','Malik',704332974,'Computer Science',3,NULL,NULL,NULL,NULL,NULL,0,10,0),(2,'billgates@hotmail.com','$2a$10$U.25YNugy9wWtoc0TVVMxOZ2gJbeR0ndccnzP3YWNadVB1JgXPtxa',NULL,NULL,NULL,24,'2015-11-29 07:42:47','2015-11-11 11:36:55','100.32.197.129','169.232.85.84','2015-10-26 02:57:50','2015-11-29 07:42:47','Bill','Gates',111222333,'Computer Science',4,'Young-Bill-Gates.jpg','image/jpeg',70394,'2015-10-27 10:16:55',NULL,0,10,1),(3,'zuckerberg@facebook.com','$2a$10$5p8JpkuN2glSBsm3sp5NGu3U/Oow7juSl5iYHCNAnRf0uQKKCGXaa',NULL,NULL,NULL,28,'2015-11-11 09:52:44','2015-11-09 09:21:15','169.232.85.84','169.232.85.84','2015-10-26 06:20:28','2015-11-11 11:38:09','Mark','Zuckerberg',555555555,'Computer Science',4,'mark.jpg','image/jpeg',43591,'2015-10-27 10:14:19',NULL,0,10,1),(4,'uchiha@naruto.com','$2a$10$H4hVnfGFeZ2emed9ItdMH.iOVaoPWS9ehqRvVN1fgxosnSaqU4raW',NULL,NULL,NULL,6,'2015-11-11 11:43:19','2015-11-05 23:46:33','169.232.85.84','71.189.165.212','2015-10-29 04:50:35','2015-11-11 11:43:19','Itachi','Uchiha',111111111,'Advanced Ninja Studies',3,NULL,NULL,NULL,NULL,NULL,0,10,2),(5,'sakura@naruto.com','$2a$10$./OfXSg2n2aLHdUbchU15.lidqATBm7pCO7WlXvErkPRL2jYELsPC',NULL,NULL,NULL,12,'2015-11-05 06:00:11','2015-11-05 05:59:03','169.232.85.84','169.232.85.84','2015-10-29 05:15:38','2015-11-11 11:38:39','Sakura','Haruno',123456789,'Sucking ',1,'Sakura_Haruno.PNG','image/png',89513,'2015-10-29 05:16:56',NULL,0,7,2),(6,'user1@gmail.com','$2a$10$Rb0iCwsPO6C4LXPxtgMyl.qmitI24xRKzNwR15Z19zcR5.2FBtVCC',NULL,NULL,NULL,1,'2015-11-29 09:49:17','2015-11-29 09:49:17','172.31.28.136','172.31.28.136','2015-11-29 09:49:17','2015-11-29 09:49:17','user1',NULL,1,'Computer Science',1,NULL,NULL,NULL,NULL,NULL,0,10,0),(7,'user2@gmail.com','$2a$10$8DIIxFZV30JR5YxcrzTHMuYiY9qdPVjSa6NEr0I3DoLv218JjyCOi',NULL,NULL,NULL,1,'2015-11-29 09:49:18','2015-11-29 09:49:18','172.31.28.136','172.31.28.136','2015-11-29 09:49:18','2015-11-29 09:49:18','user2',NULL,2,'Computer Science',1,NULL,NULL,NULL,NULL,NULL,0,10,0),(8,'user3@gmail.com','$2a$10$uhOYCIiIXPl7BDQO/oTDQOhOkv7r9d6D.4xkGHBPSM6ucE29cyU4e',NULL,NULL,NULL,1,'2015-11-29 09:49:18','2015-11-29 09:49:18','172.31.28.136','172.31.28.136','2015-11-29 09:49:18','2015-11-29 09:49:18','user3',NULL,3,'Computer Science',1,NULL,NULL,NULL,NULL,NULL,0,10,0),(9,'user4@gmail.com','$2a$10$m4z2Ykc95QVMlMNY6E4IveZ/7.MFPBUW4UapdTWK5orG7tLV57Twy',NULL,NULL,NULL,1,'2015-11-29 09:49:21','2015-11-29 09:49:21','172.31.28.136','172.31.28.136','2015-11-29 09:49:21','2015-11-29 09:49:21','user4',NULL,4,'Computer Science',1,NULL,NULL,NULL,NULL,NULL,0,10,0),(10,'user5@gmail.com','$2a$10$f23r8Xa0lHwarc08FOe94.htIUZB0M7yLKK9URXpAQ87Z1utH0N0e',NULL,NULL,NULL,1,'2015-11-29 09:49:22','2015-11-29 09:49:22','172.31.28.136','172.31.28.136','2015-11-29 09:49:22','2015-11-29 09:49:22','user5',NULL,5,'Computer Science',1,NULL,NULL,NULL,NULL,NULL,0,10,0),(11,'user6@gmail.com','$2a$10$8InnvBxnzveH7lFPfuqKNODaGjh4WGmsrK0JO9P3556M7Nvgy408K',NULL,NULL,NULL,1,'2015-11-29 09:49:23','2015-11-29 09:49:23','172.31.28.136','172.31.28.136','2015-11-29 09:49:23','2015-11-29 09:49:23','user6',NULL,6,'Computer Science',1,NULL,NULL,NULL,NULL,NULL,0,10,0),(12,'user7@gmail.com','$2a$10$n4yjGyuNUqFQf5eo14jjbOY2yvOzFyPXmH.b.ldx6pRiPQWwxpoY.',NULL,NULL,NULL,1,'2015-11-29 09:49:30','2015-11-29 09:49:30','172.31.28.136','172.31.28.136','2015-11-29 09:49:30','2015-11-29 09:49:30','user7',NULL,7,'Computer Science',1,NULL,NULL,NULL,NULL,NULL,0,10,0),(13,'user8@gmail.com','$2a$10$FJCLpjA1guIVaPkh7N9lUOBh89HGOkD9Y3ahSxtLrKla5FEEclflK',NULL,NULL,NULL,1,'2015-11-29 09:49:32','2015-11-29 09:49:32','172.31.28.136','172.31.28.136','2015-11-29 09:49:32','2015-11-29 09:49:32','user8',NULL,8,'Computer Science',1,NULL,NULL,NULL,NULL,NULL,0,10,0),(14,'user9@gmail.com','$2a$10$nTPK/CSQWW0c9XN55swFyuHQbF2j5966EhBcVxaPjwOYfKkov8SOi',NULL,NULL,NULL,1,'2015-11-29 09:49:35','2015-11-29 09:49:35','172.31.28.136','172.31.28.136','2015-11-29 09:49:35','2015-11-29 09:49:35','user9',NULL,9,'Computer Science',1,NULL,NULL,NULL,NULL,NULL,0,10,0),(15,'user10@gmail.com','$2a$10$yOGsPxWhhFFY97nYWIp5ROkFtT8dKcnt/KWXbH0R0Y5uYjhxDfyT2',NULL,NULL,NULL,1,'2015-11-29 09:49:38','2015-11-29 09:49:38','172.31.28.136','172.31.28.136','2015-11-29 09:49:38','2015-11-29 09:49:38','user10',NULL,10,'Computer Science',1,NULL,NULL,NULL,NULL,NULL,0,10,0),(16,'user11@gmail.com','$2a$10$Ztn4gH/DM97QvSfRqXv0IuuGHicz6NQlx5DAohtTftdM2x3pIwkvu',NULL,NULL,NULL,1,'2015-11-29 09:49:43','2015-11-29 09:49:43','172.31.28.136','172.31.28.136','2015-11-29 09:49:43','2015-11-29 09:49:43','user11',NULL,11,'Computer Science',1,NULL,NULL,NULL,NULL,NULL,0,10,0),(17,'user12@gmail.com','$2a$10$0RD4mbE7884khpszexXW4.zcdlj.i6/l1HEOQE1JVIr9vnoIYdCHK',NULL,NULL,NULL,1,'2015-11-29 09:49:44','2015-11-29 09:49:44','172.31.28.136','172.31.28.136','2015-11-29 09:49:44','2015-11-29 09:49:44','user12',NULL,12,'Computer Science',1,NULL,NULL,NULL,NULL,NULL,0,10,0),(18,'user13@gmail.com','$2a$10$fytwDd9CeAGaDj2SMmw3ZeGdbh/agJ6kgx8ZPLPoV9zv5ZUe3xsqe',NULL,NULL,NULL,1,'2015-11-29 09:49:45','2015-11-29 09:49:45','172.31.28.136','172.31.28.136','2015-11-29 09:49:45','2015-11-29 09:49:45','user13',NULL,13,'Computer Science',1,NULL,NULL,NULL,NULL,NULL,0,10,0),(19,'user14@gmail.com','$2a$10$wGSUHbh2GdnU6F53JTMkkOr4dCDriG321kLV9BV1fE.dX88mFzbIe',NULL,NULL,NULL,1,'2015-11-29 09:49:49','2015-11-29 09:49:49','172.31.28.136','172.31.28.136','2015-11-29 09:49:49','2015-11-29 09:49:49','user14',NULL,14,'Computer Science',1,NULL,NULL,NULL,NULL,NULL,0,10,0),(20,'user15@gmail.com','$2a$10$55.vAsAHnGT1UUMd5ystA.860pMQ1CyH9M1dnOkzwrVRZFZGzvgCG',NULL,NULL,NULL,1,'2015-11-29 09:49:50','2015-11-29 09:49:50','172.31.28.136','172.31.28.136','2015-11-29 09:49:50','2015-11-29 09:49:50','user15',NULL,15,'Computer Science',1,NULL,NULL,NULL,NULL,NULL,0,10,0),(21,'user16@gmail.com','$2a$10$edMsblbGJUCzhsgG6akK9utCfKM8RLYON27VIl8hyPZNOftEfKyTq',NULL,NULL,NULL,1,'2015-11-29 09:49:54','2015-11-29 09:49:54','172.31.28.136','172.31.28.136','2015-11-29 09:49:54','2015-11-29 09:49:54','user16',NULL,16,'Computer Science',1,NULL,NULL,NULL,NULL,NULL,0,10,0),(22,'user17@gmail.com','$2a$10$XECaGS0DlsIREZuXgHFFfuh1NOKxfjhHyWYZ.hn/iI92.4hEj0wUq',NULL,NULL,NULL,1,'2015-11-29 09:49:55','2015-11-29 09:49:55','172.31.28.136','172.31.28.136','2015-11-29 09:49:55','2015-11-29 09:49:55','user17',NULL,17,'Computer Science',1,NULL,NULL,NULL,NULL,NULL,0,10,0),(23,'user18@gmail.com','$2a$10$BrdEB2dsi.02DBNcw4WM/O6wU1kf2WQzUHnOiS97C40.wpeAs81HK',NULL,NULL,NULL,1,'2015-11-29 09:49:56','2015-11-29 09:49:56','172.31.28.136','172.31.28.136','2015-11-29 09:49:56','2015-11-29 09:49:56','user18',NULL,18,'Computer Science',1,NULL,NULL,NULL,NULL,NULL,0,10,0),(24,'user19@gmail.com','$2a$10$hGMo30MsgXhLRd3smrnMOe3Hb14XDiLeuMsZ/.DI2iRsi8RtDE9e.',NULL,NULL,NULL,1,'2015-11-29 09:49:57','2015-11-29 09:49:57','172.31.28.136','172.31.28.136','2015-11-29 09:49:57','2015-11-29 09:49:57','user19',NULL,19,'Computer Science',1,NULL,NULL,NULL,NULL,NULL,0,10,0),(25,'user20@gmail.com','$2a$10$Ex3Zr4LoJlwnqwfD2ZncVulVYlsMdoTWJedBYGlfJTxF4e0oxAdrm',NULL,NULL,NULL,1,'2015-11-29 09:49:57','2015-11-29 09:49:57','172.31.28.136','172.31.28.136','2015-11-29 09:49:57','2015-11-29 09:49:57','user20',NULL,20,'Computer Science',1,NULL,NULL,NULL,NULL,NULL,0,10,0),(26,'user21@gmail.com','$2a$10$jjdL7pQaU2.0BTjF1btFeOSPLYhPhEeYmSH3P98wAD/joLSknQujm',NULL,NULL,NULL,1,'2015-11-29 09:49:58','2015-11-29 09:49:58','172.31.28.136','172.31.28.136','2015-11-29 09:49:58','2015-11-29 09:49:58','user21',NULL,21,'Computer Science',1,NULL,NULL,NULL,NULL,NULL,0,10,0),(27,'user22@gmail.com','$2a$10$GeGG.Pq8u56oGxYD4kRCkuqD3v3rVbmOJc1bo3.1kL0H5xcOOkJ8C',NULL,NULL,NULL,1,'2015-11-29 09:50:03','2015-11-29 09:50:03','172.31.28.136','172.31.28.136','2015-11-29 09:50:03','2015-11-29 09:50:03','user22',NULL,22,'Computer Science',1,NULL,NULL,NULL,NULL,NULL,0,10,0),(28,'user23@gmail.com','$2a$10$D7Hkd0enPJ/qQTJUruJyXOwWTCrnTCclKETzk/7cB8wcDnuEhNSai',NULL,NULL,NULL,1,'2015-11-29 09:50:03','2015-11-29 09:50:03','172.31.28.136','172.31.28.136','2015-11-29 09:50:03','2015-11-29 09:50:03','user23',NULL,23,'Computer Science',1,NULL,NULL,NULL,NULL,NULL,0,10,0),(29,'user24@gmail.com','$2a$10$TU6QXV9ddwhwyjGn71.LkOo786DgNX.1IlPwHNh4zzgbvH7GnsXMK',NULL,NULL,NULL,1,'2015-11-29 09:50:03','2015-11-29 09:50:03','172.31.28.136','172.31.28.136','2015-11-29 09:50:03','2015-11-29 09:50:03','user24',NULL,24,'Computer Science',1,NULL,NULL,NULL,NULL,NULL,0,10,0),(30,'user25@gmail.com','$2a$10$JVziLHbti1dql7L8lc903.zx2HnxDMcuThA2w7BRsxOd5uXP7UuTK',NULL,NULL,NULL,1,'2015-11-29 09:50:04','2015-11-29 09:50:04','172.31.28.136','172.31.28.136','2015-11-29 09:50:04','2015-11-29 09:50:04','user25',NULL,25,'Computer Science',1,NULL,NULL,NULL,NULL,NULL,0,10,0),(31,'user26@gmail.com','$2a$10$yWVU4ZetC7bn//Ovmu5ubOdiccUK.gb7Ux8fadcGUKOjJFRj.yDd2',NULL,NULL,NULL,1,'2015-11-29 09:50:05','2015-11-29 09:50:05','172.31.28.136','172.31.28.136','2015-11-29 09:50:05','2015-11-29 09:50:05','user26',NULL,26,'Computer Science',1,NULL,NULL,NULL,NULL,NULL,0,10,0),(32,'user27@gmail.com','$2a$10$6IqLLVVPLxHP/48P0wxd3uls8Vq4cQBDBed8MTDnrvhoLKuW7m7XK',NULL,NULL,NULL,1,'2015-11-29 09:50:06','2015-11-29 09:50:06','172.31.28.136','172.31.28.136','2015-11-29 09:50:06','2015-11-29 09:50:06','user27',NULL,27,'Computer Science',1,NULL,NULL,NULL,NULL,NULL,0,10,0),(33,'user28@gmail.com','$2a$10$8/Q.vTQBq.MpQsnyeF7I0e9VX8S9sb2dLNa0a/cCZNmco4lduKuMK',NULL,NULL,NULL,1,'2015-11-29 09:50:11','2015-11-29 09:50:11','172.31.28.136','172.31.28.136','2015-11-29 09:50:11','2015-11-29 09:50:11','user28',NULL,28,'Computer Science',1,NULL,NULL,NULL,NULL,NULL,0,10,0),(34,'user29@gmail.com','$2a$10$FWxdnPKEMSjG45zXtGg6NeH358AbQYBDmbLbPqnlMpnd1vbPu2IY.',NULL,NULL,NULL,1,'2015-11-29 09:50:16','2015-11-29 09:50:16','172.31.28.136','172.31.28.136','2015-11-29 09:50:16','2015-11-29 09:50:16','user29',NULL,29,'Computer Science',1,NULL,NULL,NULL,NULL,NULL,0,10,0),(35,'user30@gmail.com','$2a$10$YN7yc0qgfrbHtL6ghJyW/OEWzJxOdXhgInFfkYnj7eyuzNG63prGS',NULL,NULL,NULL,1,'2015-11-29 09:50:16','2015-11-29 09:50:16','172.31.28.136','172.31.28.136','2015-11-29 09:50:16','2015-11-29 09:50:16','user30',NULL,30,'Computer Science',1,NULL,NULL,NULL,NULL,NULL,0,10,0),(36,'user31@gmail.com','$2a$10$exA9hI62ZllZ6BPRzleyHez34VQJi9RIhdeFRFPGtDOAelOknBY7m',NULL,NULL,NULL,1,'2015-11-29 09:50:17','2015-11-29 09:50:17','172.31.28.136','172.31.28.136','2015-11-29 09:50:17','2015-11-29 09:50:17','user31',NULL,31,'Computer Science',1,NULL,NULL,NULL,NULL,NULL,0,10,0),(37,'user32@gmail.com','$2a$10$.kxCdYfVuOLafNQtpGG.0.dpLuJc5UyuypOFkJHJLdvNtUDdVOT9S',NULL,NULL,NULL,1,'2015-11-29 09:50:18','2015-11-29 09:50:18','172.31.28.136','172.31.28.136','2015-11-29 09:50:18','2015-11-29 09:50:18','user32',NULL,32,'Computer Science',1,NULL,NULL,NULL,NULL,NULL,0,10,0),(38,'user33@gmail.com','$2a$10$PB10VkWNrHeybhVPLaL6oOqzlH2OwGghbB0G61V/TRfw56Qjwt356',NULL,NULL,NULL,1,'2015-11-29 09:50:19','2015-11-29 09:50:19','172.31.28.136','172.31.28.136','2015-11-29 09:50:19','2015-11-29 09:50:19','user33',NULL,33,'Computer Science',1,NULL,NULL,NULL,NULL,NULL,0,10,0),(39,'user34@gmail.com','$2a$10$M/s8g9JOHwIfN551gKj5SO8QBlhLuP2UB4wtOEqiHPk7Yri4xpzNG',NULL,NULL,NULL,1,'2015-11-29 09:50:20','2015-11-29 09:50:20','172.31.28.136','172.31.28.136','2015-11-29 09:50:20','2015-11-29 09:50:20','user34',NULL,34,'Computer Science',1,NULL,NULL,NULL,NULL,NULL,0,10,0),(40,'user35@gmail.com','$2a$10$skMuWN/het.EnWuiD2eokeidHkx3Y9UNrhswjpQrxHUuaY.82ZwE6',NULL,NULL,NULL,1,'2015-11-29 09:50:21','2015-11-29 09:50:21','172.31.28.136','172.31.28.136','2015-11-29 09:50:21','2015-11-29 09:50:21','user35',NULL,35,'Computer Science',1,NULL,NULL,NULL,NULL,NULL,0,10,0),(41,'user36@gmail.com','$2a$10$.gNFFxJV/QNm.yy4hY6ZWOcmQEJW0GOhBG9k9mLP.NR/latRQ9Tie',NULL,NULL,NULL,1,'2015-11-29 09:50:30','2015-11-29 09:50:30','172.31.28.136','172.31.28.136','2015-11-29 09:50:30','2015-11-29 09:50:30','user36',NULL,36,'Computer Science',1,NULL,NULL,NULL,NULL,NULL,0,10,0),(42,'user37@gmail.com','$2a$10$YsnFHgNpnyVCrGZbGBMGmeDL1/iZj/J7HeqJRa2DJAN6nzTrkWPym',NULL,NULL,NULL,1,'2015-11-29 09:50:31','2015-11-29 09:50:31','172.31.28.136','172.31.28.136','2015-11-29 09:50:31','2015-11-29 09:50:31','user37',NULL,37,'Computer Science',1,NULL,NULL,NULL,NULL,NULL,0,10,0),(43,'user38@gmail.com','$2a$10$nnocvZNAlkVjjbQ6abzCHOYToviVbuZqmMBH3e8Fuh9eBivGwLD1a',NULL,NULL,NULL,1,'2015-11-29 09:50:38','2015-11-29 09:50:38','172.31.28.136','172.31.28.136','2015-11-29 09:50:37','2015-11-29 09:50:38','user38',NULL,38,'Computer Science',1,NULL,NULL,NULL,NULL,NULL,0,10,0),(44,'user39@gmail.com','$2a$10$P0jIxYbVuv9s/aM8GrixBOxAjNfccPUzhbfl0Mto2c9.yz78cBcr6',NULL,NULL,NULL,1,'2015-11-29 09:50:38','2015-11-29 09:50:38','172.31.28.136','172.31.28.136','2015-11-29 09:50:38','2015-11-29 09:50:38','user39',NULL,39,'Computer Science',1,NULL,NULL,NULL,NULL,NULL,0,10,0),(45,'user40@gmail.com','$2a$10$YT.wpUkJhNYP0O2NXvIeSeo2kPEX2XGnjbSInXDk9DL.0PnXBuBN2',NULL,NULL,NULL,1,'2015-11-29 09:50:41','2015-11-29 09:50:41','172.31.28.136','172.31.28.136','2015-11-29 09:50:41','2015-11-29 09:50:41','user40',NULL,40,'Computer Science',1,NULL,NULL,NULL,NULL,NULL,0,10,0),(46,'user41@gmail.com','$2a$10$uAxCqMlK0i5JMQWrhy7lsujfkj1LI9i/mzamVUb.1iQ19SFAd9Hpy',NULL,NULL,NULL,1,'2015-11-29 09:50:45','2015-11-29 09:50:45','172.31.28.136','172.31.28.136','2015-11-29 09:50:45','2015-11-29 09:50:45','user41',NULL,41,'Computer Science',1,NULL,NULL,NULL,NULL,NULL,0,10,0),(47,'user42@gmail.com','$2a$10$CTk4S5dMX33i1mMXZFVVYeCrdNGdNFmJQQr.vCaD/MO/WIlDMllCq',NULL,NULL,NULL,1,'2015-11-29 09:50:45','2015-11-29 09:50:45','172.31.28.136','172.31.28.136','2015-11-29 09:50:45','2015-11-29 09:50:45','user42',NULL,42,'Computer Science',1,NULL,NULL,NULL,NULL,NULL,0,10,0),(48,'user43@gmail.com','$2a$10$c8GTqyZj/lLq82rBNi15JOSHMrFcAnWOz4ldCmi0c9gofBLLvwCEq',NULL,NULL,NULL,1,'2015-11-29 09:50:46','2015-11-29 09:50:46','172.31.28.136','172.31.28.136','2015-11-29 09:50:46','2015-11-29 09:50:46','user43',NULL,43,'Computer Science',1,NULL,NULL,NULL,NULL,NULL,0,10,0),(49,'user44@gmail.com','$2a$10$fdbnGQ9q6bMERSQIV96jHOMPRlnOf0eg.gNbFlCFAJTXpcxo7XjSe',NULL,NULL,NULL,1,'2015-11-29 09:50:47','2015-11-29 09:50:47','172.31.28.136','172.31.28.136','2015-11-29 09:50:47','2015-11-29 09:50:47','user44',NULL,44,'Computer Science',1,NULL,NULL,NULL,NULL,NULL,0,10,0),(50,'user45@gmail.com','$2a$10$8QTt8Kj2ZUgL3RH.G2cqh.hobyH0gO.MxyFqia/D0.v0EAQSZAhdy',NULL,NULL,NULL,1,'2015-11-29 09:50:51','2015-11-29 09:50:51','172.31.28.136','172.31.28.136','2015-11-29 09:50:51','2015-11-29 09:50:51','user45',NULL,45,'Computer Science',1,NULL,NULL,NULL,NULL,NULL,0,10,0),(51,'user46@gmail.com','$2a$10$ylkXqcHXupwFdnShPI2qVerJQcpU.kG7qd6I4G1x42VSrWpUmA./W',NULL,NULL,NULL,1,'2015-11-29 09:50:53','2015-11-29 09:50:53','172.31.28.136','172.31.28.136','2015-11-29 09:50:53','2015-11-29 09:50:53','user46',NULL,46,'Computer Science',1,NULL,NULL,NULL,NULL,NULL,0,10,0),(52,'user47@gmail.com','$2a$10$BQhGIQEdicT9pO8al7SI0eLiqaOVpTsFvjapcs7EYBgtHnslyiMY.',NULL,NULL,NULL,1,'2015-11-29 09:50:53','2015-11-29 09:50:53','172.31.28.136','172.31.28.136','2015-11-29 09:50:53','2015-11-29 09:50:53','user47',NULL,47,'Computer Science',1,NULL,NULL,NULL,NULL,NULL,0,10,0),(53,'user48@gmail.com','$2a$10$Bkbg1Gp5GBHGYVPRuNhA6.w79LwHBVwyghNPC4seYjSzhpeb2KNOq',NULL,NULL,NULL,1,'2015-11-29 09:50:55','2015-11-29 09:50:55','172.31.28.136','172.31.28.136','2015-11-29 09:50:55','2015-11-29 09:50:55','user48',NULL,48,'Computer Science',1,NULL,NULL,NULL,NULL,NULL,0,10,0),(54,'user49@gmail.com','$2a$10$.ZzhesAVeQmmcVstt7LO7e.MeNtKigDKpLLhTP0eOx9ALhN22z0Eu',NULL,NULL,NULL,1,'2015-11-29 09:50:58','2015-11-29 09:50:58','172.31.28.136','172.31.28.136','2015-11-29 09:50:58','2015-11-29 09:50:58','user49',NULL,49,'Computer Science',1,NULL,NULL,NULL,NULL,NULL,0,10,0),(55,'user50@gmail.com','$2a$10$/hsDw/rTPste1UeeypjRJOOQR/eSVFuC2qPsVpH9y6yBUxWEWBa12',NULL,NULL,NULL,1,'2015-11-29 09:50:59','2015-11-29 09:50:59','172.31.28.136','172.31.28.136','2015-11-29 09:50:59','2015-11-29 09:50:59','user50',NULL,50,'Computer Science',1,NULL,NULL,NULL,NULL,NULL,0,10,0),(56,'user51@gmail.com','$2a$10$/zRa7Vda1w7zjF6xz7IpFeGSKDh/Wk3TvMWhC8TuXyoMJdzBan7ym',NULL,NULL,NULL,1,'2015-11-29 09:51:00','2015-11-29 09:51:00','172.31.28.136','172.31.28.136','2015-11-29 09:51:00','2015-11-29 09:51:00','user51',NULL,51,'Computer Science',1,NULL,NULL,NULL,NULL,NULL,0,10,0),(57,'user52@gmail.com','$2a$10$60jaXr1KKOooWMcpqqJyAuTfVv9E07ofhmyE547AnsIPoRJznMbmq',NULL,NULL,NULL,1,'2015-11-29 09:51:02','2015-11-29 09:51:02','172.31.28.136','172.31.28.136','2015-11-29 09:51:02','2015-11-29 09:51:02','user52',NULL,52,'Computer Science',1,NULL,NULL,NULL,NULL,NULL,0,10,0),(58,'user53@gmail.com','$2a$10$fy..DRwQN9WDeEwiwu0oX.NvZZIREaQqz.HVMgQAjT37TV/bZqM5C',NULL,NULL,NULL,1,'2015-11-29 09:51:07','2015-11-29 09:51:07','172.31.28.136','172.31.28.136','2015-11-29 09:51:07','2015-11-29 09:51:07','user53',NULL,53,'Computer Science',1,NULL,NULL,NULL,NULL,NULL,0,10,0),(59,'user54@gmail.com','$2a$10$pNJpIUJIciGpFn5qRvaHN.eYgd9lToD.ANWgdO0ZIh4N2lpSTBlLG',NULL,NULL,NULL,1,'2015-11-29 09:51:07','2015-11-29 09:51:07','172.31.28.136','172.31.28.136','2015-11-29 09:51:07','2015-11-29 09:51:07','user54',NULL,54,'Computer Science',1,NULL,NULL,NULL,NULL,NULL,0,10,0),(60,'user55@gmail.com','$2a$10$diUiOyYHd2VYHSLgqJqMZeAaiGEEQXxCt3OibfkgL15kIkqAiq/di',NULL,NULL,NULL,1,'2015-11-29 09:51:07','2015-11-29 09:51:07','172.31.28.136','172.31.28.136','2015-11-29 09:51:07','2015-11-29 09:51:07','user55',NULL,55,'Computer Science',1,NULL,NULL,NULL,NULL,NULL,0,10,0),(61,'user56@gmail.com','$2a$10$F9itPNys1iesRnbXtGoFrem.DsbcIB76jW7edf/PjQ5gbC5/tEDOW',NULL,NULL,NULL,1,'2015-11-29 09:51:08','2015-11-29 09:51:08','172.31.28.136','172.31.28.136','2015-11-29 09:51:08','2015-11-29 09:51:08','user56',NULL,56,'Computer Science',1,NULL,NULL,NULL,NULL,NULL,0,10,0),(62,'user57@gmail.com','$2a$10$WzU1jfn.XyyLUIfIFHNB8eyxaI7jvcf8iqP.xFT7uxehxGJDULeiC',NULL,NULL,NULL,1,'2015-11-29 09:51:12','2015-11-29 09:51:12','172.31.28.136','172.31.28.136','2015-11-29 09:51:12','2015-11-29 09:51:12','user57',NULL,57,'Computer Science',1,NULL,NULL,NULL,NULL,NULL,0,10,0),(63,'user58@gmail.com','$2a$10$/RqNbDt8hy25UoGe2XBe.e/1EJghPOzgNrio5q8pSnsbZgn96yPQ6',NULL,NULL,NULL,1,'2015-11-29 09:51:13','2015-11-29 09:51:13','172.31.28.136','172.31.28.136','2015-11-29 09:51:13','2015-11-29 09:51:13','user58',NULL,58,'Computer Science',1,NULL,NULL,NULL,NULL,NULL,0,10,0),(64,'user59@gmail.com','$2a$10$SVlP/jzz5S1S0SStmM8htuHI2vnG1EDVCpy9N2D/MpI.CRT17xLoG',NULL,NULL,NULL,1,'2015-11-29 09:51:17','2015-11-29 09:51:17','172.31.28.136','172.31.28.136','2015-11-29 09:51:17','2015-11-29 09:51:17','user59',NULL,59,'Computer Science',1,NULL,NULL,NULL,NULL,NULL,0,10,0),(65,'user60@gmail.com','$2a$10$4hq9PKCqckfeXHe2fhM5N.3vILjhhZ54GXvWuUfC2HAlR89lo6U8K',NULL,NULL,NULL,1,'2015-11-29 09:51:19','2015-11-29 09:51:19','172.31.28.136','172.31.28.136','2015-11-29 09:51:19','2015-11-29 09:51:19','user60',NULL,60,'Computer Science',1,NULL,NULL,NULL,NULL,NULL,0,10,0),(66,'user61@gmail.com','$2a$10$gt9bsx96vURKmEcMrDFS0OnnOq9OR9Nj.eIF1p1EQzspHJoVyUaJC',NULL,NULL,NULL,1,'2015-11-29 09:51:21','2015-11-29 09:51:21','172.31.28.136','172.31.28.136','2015-11-29 09:51:21','2015-11-29 09:51:21','user61',NULL,61,'Computer Science',1,NULL,NULL,NULL,NULL,NULL,0,10,0),(67,'user62@gmail.com','$2a$10$pjXp0.N09kWoz1OdW2mRhuT5JM/8W1XoB6NfcVqjyx.HcpTAuXOQm',NULL,NULL,NULL,1,'2015-11-29 09:51:23','2015-11-29 09:51:23','172.31.28.136','172.31.28.136','2015-11-29 09:51:23','2015-11-29 09:51:23','user62',NULL,62,'Computer Science',1,NULL,NULL,NULL,NULL,NULL,0,10,0),(68,'user63@gmail.com','$2a$10$60O8widFq4mFUwQWJatx5eW74sK.hC9KsZOYheYJQmyMzfpj3w0rG',NULL,NULL,NULL,1,'2015-11-29 09:51:26','2015-11-29 09:51:26','172.31.28.136','172.31.28.136','2015-11-29 09:51:26','2015-11-29 09:51:26','user63',NULL,63,'Computer Science',1,NULL,NULL,NULL,NULL,NULL,0,10,0),(69,'user64@gmail.com','$2a$10$YdXAKmuqGZeuV9Fr2tBpuezjVmP6KwCNNvMY128YpjxPd.JOfInpe',NULL,NULL,NULL,1,'2015-11-29 09:51:26','2015-11-29 09:51:26','172.31.28.136','172.31.28.136','2015-11-29 09:51:26','2015-11-29 09:51:26','user64',NULL,64,'Computer Science',1,NULL,NULL,NULL,NULL,NULL,0,10,0),(70,'user65@gmail.com','$2a$10$s2NSAZjWuq4VYUFsSi2/n.alcGGX/JPM9VQcw2clJRtFxob/CaqRC',NULL,NULL,NULL,1,'2015-11-29 09:51:28','2015-11-29 09:51:28','172.31.28.136','172.31.28.136','2015-11-29 09:51:28','2015-11-29 09:51:28','user65',NULL,65,'Computer Science',1,NULL,NULL,NULL,NULL,NULL,0,10,0),(71,'user66@gmail.com','$2a$10$hTuy1joy4UxaOFC07Fx5P.i9qpAoVXwY3aXvWAxCEGIa6iVJQY0oa',NULL,NULL,NULL,1,'2015-11-29 09:51:30','2015-11-29 09:51:30','172.31.28.136','172.31.28.136','2015-11-29 09:51:30','2015-11-29 09:51:30','user66',NULL,66,'Computer Science',1,NULL,NULL,NULL,NULL,NULL,0,10,0),(72,'user67@gmail.com','$2a$10$toTLDzwffthZaSwAFHacn.mYBwvxFwu/BFA/FYK2kLX8yfCX2GDry',NULL,NULL,NULL,1,'2015-11-29 09:51:30','2015-11-29 09:51:30','172.31.28.136','172.31.28.136','2015-11-29 09:51:30','2015-11-29 09:51:30','user67',NULL,67,'Computer Science',1,NULL,NULL,NULL,NULL,NULL,0,10,0),(73,'user68@gmail.com','$2a$10$cLVBQKDKYgHjPb77cfzSh.1Z..utKQAjtoa14S6/oxW/9rLkAUFtO',NULL,NULL,NULL,1,'2015-11-29 09:51:31','2015-11-29 09:51:31','172.31.28.136','172.31.28.136','2015-11-29 09:51:31','2015-11-29 09:51:31','user68',NULL,68,'Computer Science',1,NULL,NULL,NULL,NULL,NULL,0,10,0),(74,'user69@gmail.com','$2a$10$1OtpGBxtpm0UnUmoAOyWQuoFVLkaqJE...APNw5Z0fVBunb5sQDVe',NULL,NULL,NULL,1,'2015-11-29 09:51:36','2015-11-29 09:51:36','172.31.28.136','172.31.28.136','2015-11-29 09:51:36','2015-11-29 09:51:36','user69',NULL,69,'Computer Science',1,NULL,NULL,NULL,NULL,NULL,0,10,0),(75,'user70@gmail.com','$2a$10$S8WCndRorgS8xnlY3BZVD.HO3snooe3P/wdlegSlE/MaeCBLj1WjS',NULL,NULL,NULL,1,'2015-11-29 09:51:37','2015-11-29 09:51:37','172.31.28.136','172.31.28.136','2015-11-29 09:51:37','2015-11-29 09:51:37','user70',NULL,70,'Computer Science',1,NULL,NULL,NULL,NULL,NULL,0,10,0),(76,'user71@gmail.com','$2a$10$jJ5XCp9dA2W1d6c.OTgR4uxq1DrkOi14OT9K/vvU1ooqy0o4d1jxq',NULL,NULL,NULL,1,'2015-11-29 09:51:41','2015-11-29 09:51:41','172.31.28.136','172.31.28.136','2015-11-29 09:51:41','2015-11-29 09:51:41','user71',NULL,71,'Computer Science',1,NULL,NULL,NULL,NULL,NULL,0,10,0),(77,'user72@gmail.com','$2a$10$JTwLKDst5wuDh6T61RoSxeVNQGoGdajCKmrVKrnkYOLJRYPsXFrkK',NULL,NULL,NULL,1,'2015-11-29 09:51:43','2015-11-29 09:51:43','172.31.28.136','172.31.28.136','2015-11-29 09:51:43','2015-11-29 09:51:43','user72',NULL,72,'Computer Science',1,NULL,NULL,NULL,NULL,NULL,0,10,0),(78,'user73@gmail.com','$2a$10$QMsYGX/AmXOWrC//v2c9t.wWJ.WwEBZfzHFQZrGldoFg/U8LuKZUm',NULL,NULL,NULL,1,'2015-11-29 09:51:44','2015-11-29 09:51:44','172.31.28.136','172.31.28.136','2015-11-29 09:51:44','2015-11-29 09:51:44','user73',NULL,73,'Computer Science',1,NULL,NULL,NULL,NULL,NULL,0,10,0),(79,'user74@gmail.com','$2a$10$E9FJjO3my9tJo/S9DQVTT.gohaVPu8hJI.WCJm/Vb2LpHu22/DL2.',NULL,NULL,NULL,1,'2015-11-29 09:51:46','2015-11-29 09:51:46','172.31.28.136','172.31.28.136','2015-11-29 09:51:46','2015-11-29 09:51:46','user74',NULL,74,'Computer Science',1,NULL,NULL,NULL,NULL,NULL,0,10,0),(80,'user75@gmail.com','$2a$10$P4St7Z6xo4CrK.MwHYjIyeZvhCFyHe.IEhN1TWRNf1SNnKzyHXBym',NULL,NULL,NULL,1,'2015-11-29 09:51:48','2015-11-29 09:51:48','172.31.28.136','172.31.28.136','2015-11-29 09:51:48','2015-11-29 09:51:48','user75',NULL,75,'Computer Science',1,NULL,NULL,NULL,NULL,NULL,0,10,0),(81,'user76@gmail.com','$2a$10$dudTPSU9HtROMx9xRANgFuBNrKINGEEoPibkD5NkI5EP.rjN59Ygu',NULL,NULL,NULL,1,'2015-11-29 09:51:49','2015-11-29 09:51:49','172.31.28.136','172.31.28.136','2015-11-29 09:51:49','2015-11-29 09:51:49','user76',NULL,76,'Computer Science',1,NULL,NULL,NULL,NULL,NULL,0,10,0),(82,'user77@gmail.com','$2a$10$AOVLQKDnMDBMDOUQnf6o4u.I.zOZ/2u7w1G/8yV1i/RZ8pKwyyw5O',NULL,NULL,NULL,1,'2015-11-29 09:51:49','2015-11-29 09:51:49','172.31.28.136','172.31.28.136','2015-11-29 09:51:49','2015-11-29 09:51:49','user77',NULL,77,'Computer Science',1,NULL,NULL,NULL,NULL,NULL,0,10,0),(83,'user78@gmail.com','$2a$10$AF0ltkfpp4NfHKpfbkQKMuneS.GqIGILys88D4S7J2/9PUZnawddq',NULL,NULL,NULL,1,'2015-11-29 09:51:56','2015-11-29 09:51:56','172.31.28.136','172.31.28.136','2015-11-29 09:51:56','2015-11-29 09:51:56','user78',NULL,78,'Computer Science',1,NULL,NULL,NULL,NULL,NULL,0,10,0),(84,'user79@gmail.com','$2a$10$riSxXnBF7V5jPPPH3vuB5uTpSHbvBl910lwYFazvcQSGmu0yUOkSC',NULL,NULL,NULL,1,'2015-11-29 09:51:57','2015-11-29 09:51:57','172.31.28.136','172.31.28.136','2015-11-29 09:51:56','2015-11-29 09:51:57','user79',NULL,79,'Computer Science',1,NULL,NULL,NULL,NULL,NULL,0,10,0),(85,'user80@gmail.com','$2a$10$p4nwJ3eOglbozUuYfE0GZu2uiqcDUzWeRhH6OjfLuI0IqHXw/nm0G',NULL,NULL,NULL,1,'2015-11-29 09:51:58','2015-11-29 09:51:58','172.31.28.136','172.31.28.136','2015-11-29 09:51:58','2015-11-29 09:51:58','user80',NULL,80,'Computer Science',1,NULL,NULL,NULL,NULL,NULL,0,10,0),(86,'user81@gmail.com','$2a$10$QYkAwsk8Azc7YAmq558HQeovjhRQHcv2yDn.4PXGyvqxvZSMISuYm',NULL,NULL,NULL,1,'2015-11-29 09:52:00','2015-11-29 09:52:00','172.31.28.136','172.31.28.136','2015-11-29 09:51:59','2015-11-29 09:52:00','user81',NULL,81,'Computer Science',1,NULL,NULL,NULL,NULL,NULL,0,10,0),(87,'user82@gmail.com','$2a$10$2XL5oIXi6.NUYSw4.DYolO54jM8zc448fC/UEOWVo0xJT9yE1x8/C',NULL,NULL,NULL,1,'2015-11-29 09:52:01','2015-11-29 09:52:01','172.31.28.136','172.31.28.136','2015-11-29 09:52:01','2015-11-29 09:52:01','user82',NULL,82,'Computer Science',1,NULL,NULL,NULL,NULL,NULL,0,10,0),(88,'user83@gmail.com','$2a$10$ZE4.EjUmHh2zlrxx0ULFHeh3uT39/Oq1OWNGFPROxLmKoOHcRoB9C',NULL,NULL,NULL,1,'2015-11-29 09:52:09','2015-11-29 09:52:09','172.31.28.136','172.31.28.136','2015-11-29 09:52:09','2015-11-29 09:52:09','user83',NULL,83,'Computer Science',1,NULL,NULL,NULL,NULL,NULL,0,10,0),(89,'user84@gmail.com','$2a$10$pm/FBoSufTUn88z.ICrn2eFKG/TTUS0fQyMaikFJdvl4npaF9xN3y',NULL,NULL,NULL,1,'2015-11-29 09:52:16','2015-11-29 09:52:16','172.31.28.136','172.31.28.136','2015-11-29 09:52:16','2015-11-29 09:52:16','user84',NULL,84,'Computer Science',1,NULL,NULL,NULL,NULL,NULL,0,10,0),(90,'user85@gmail.com','$2a$10$G7m2aO/Zz2n25KQPCEHH7OJYtaY8wx6Ce3Tdu.CKdDLE1AYKQLEdu',NULL,NULL,NULL,1,'2015-11-29 09:52:18','2015-11-29 09:52:18','172.31.28.136','172.31.28.136','2015-11-29 09:52:18','2015-11-29 09:52:18','user85',NULL,85,'Computer Science',1,NULL,NULL,NULL,NULL,NULL,0,10,0),(91,'user86@gmail.com','$2a$10$ROccvyXTWQwHA.m..FgpmuKEZoAqTTd97h2YVQw71ejIIysiCFNeW',NULL,NULL,NULL,1,'2015-11-29 09:52:18','2015-11-29 09:52:18','172.31.28.136','172.31.28.136','2015-11-29 09:52:18','2015-11-29 09:52:18','user86',NULL,86,'Computer Science',1,NULL,NULL,NULL,NULL,NULL,0,10,0),(92,'user87@gmail.com','$2a$10$jG/FuibXZDsOloH9GcBgsurVIwYaHvRDqoLO5CrZWlwSr8IPM0x/G',NULL,NULL,NULL,1,'2015-11-29 09:52:23','2015-11-29 09:52:23','172.31.28.136','172.31.28.136','2015-11-29 09:52:23','2015-11-29 09:52:23','user87',NULL,87,'Computer Science',1,NULL,NULL,NULL,NULL,NULL,0,10,0),(93,'user88@gmail.com','$2a$10$QdAqOr4YgOuDGzjziVr7beBmFsZWtgX1rNpdaIWUh5rV0.NMkHeuO',NULL,NULL,NULL,1,'2015-11-29 09:52:24','2015-11-29 09:52:24','172.31.28.136','172.31.28.136','2015-11-29 09:52:24','2015-11-29 09:52:24','user88',NULL,88,'Computer Science',1,NULL,NULL,NULL,NULL,NULL,0,10,0),(94,'user89@gmail.com','$2a$10$Jro7Fx6h3kf4qe8FoxFhjO/qGd2y5sxnMYkZHInsh.g3eT/mZhnVy',NULL,NULL,NULL,1,'2015-11-29 09:52:27','2015-11-29 09:52:27','172.31.28.136','172.31.28.136','2015-11-29 09:52:27','2015-11-29 09:52:27','user89',NULL,89,'Computer Science',1,NULL,NULL,NULL,NULL,NULL,0,10,0),(95,'user90@gmail.com','$2a$10$AkV3ET0QkEjl1quUD/BX0uWJKsxYi6flu3YMIVsEJthygSgTc8/tu',NULL,NULL,NULL,1,'2015-11-29 09:52:28','2015-11-29 09:52:28','172.31.28.136','172.31.28.136','2015-11-29 09:52:28','2015-11-29 09:52:28','user90',NULL,90,'Computer Science',1,NULL,NULL,NULL,NULL,NULL,0,10,0),(96,'user91@gmail.com','$2a$10$5iqx0TxT0pOuraUTj3V/7eRlqaan82tLwNsnVTZ9N6MMiZ9eHGaGG',NULL,NULL,NULL,1,'2015-11-29 09:52:29','2015-11-29 09:52:29','172.31.28.136','172.31.28.136','2015-11-29 09:52:29','2015-11-29 09:52:29','user91',NULL,91,'Computer Science',1,NULL,NULL,NULL,NULL,NULL,0,10,0),(97,'user92@gmail.com','$2a$10$Mh.tZbCiiX4o2zZGppgQ2OOYwOW/jsenmduesuMWCCPIysSrsLQgO',NULL,NULL,NULL,1,'2015-11-29 09:52:30','2015-11-29 09:52:30','172.31.28.136','172.31.28.136','2015-11-29 09:52:30','2015-11-29 09:52:30','user92',NULL,92,'Computer Science',1,NULL,NULL,NULL,NULL,NULL,0,10,0),(98,'user93@gmail.com','$2a$10$gpwk9TTBEbOGYmgp/fXNKeupgz06JFbKTE0aUnCBigqV45xB0sed6',NULL,NULL,NULL,1,'2015-11-29 09:52:31','2015-11-29 09:52:31','172.31.28.136','172.31.28.136','2015-11-29 09:52:31','2015-11-29 09:52:31','user93',NULL,93,'Computer Science',1,NULL,NULL,NULL,NULL,NULL,0,10,0),(99,'user94@gmail.com','$2a$10$s.Es/ZqL/e1BHaqw0npop.UL.IPhJVk4UI6/4DgEznd0i757/LUja',NULL,NULL,NULL,1,'2015-11-29 09:52:32','2015-11-29 09:52:32','172.31.28.136','172.31.28.136','2015-11-29 09:52:32','2015-11-29 09:52:32','user94',NULL,94,'Computer Science',1,NULL,NULL,NULL,NULL,NULL,0,10,0),(100,'user95@gmail.com','$2a$10$wnRZZ1sqzZXdogppbppqXuBdEiZrHI2vJhWZsqu/m2hD1T8y/uypG',NULL,NULL,NULL,1,'2015-11-29 09:52:33','2015-11-29 09:52:33','172.31.28.136','172.31.28.136','2015-11-29 09:52:33','2015-11-29 09:52:33','user95',NULL,95,'Computer Science',1,NULL,NULL,NULL,NULL,NULL,0,10,0),(101,'user96@gmail.com','$2a$10$DqncfSjWUY2VISu.JsO3.eQeM2pzhJADsd69TnmzB1PXwVToAjR0u',NULL,NULL,NULL,1,'2015-11-29 09:52:36','2015-11-29 09:52:36','172.31.28.136','172.31.28.136','2015-11-29 09:52:36','2015-11-29 09:52:36','user96',NULL,96,'Computer Science',1,NULL,NULL,NULL,NULL,NULL,0,10,0),(102,'user97@gmail.com','$2a$10$Vab/o./hUBOa/Ghi4ezyw.Nc1UVwnAyfbxmpUfzFW5BY81JClKepW',NULL,NULL,NULL,1,'2015-11-29 09:52:38','2015-11-29 09:52:38','172.31.28.136','172.31.28.136','2015-11-29 09:52:38','2015-11-29 09:52:38','user97',NULL,97,'Computer Science',1,NULL,NULL,NULL,NULL,NULL,0,10,0),(103,'user98@gmail.com','$2a$10$K4INXZEUq35tn4xeTowcmOd.xR1qJQ5mpqboxpAb28fDF7PrdiqTe',NULL,NULL,NULL,1,'2015-11-29 09:52:40','2015-11-29 09:52:40','172.31.28.136','172.31.28.136','2015-11-29 09:52:40','2015-11-29 09:52:40','user98',NULL,98,'Computer Science',1,NULL,NULL,NULL,NULL,NULL,0,10,0),(104,'user99@gmail.com','$2a$10$JHRCo1Gwtmo2Mzo7FLti5e6guRo7mw7Ou1/z/H67MwwTZd7i.P5P.',NULL,NULL,NULL,1,'2015-11-29 09:52:42','2015-11-29 09:52:42','172.31.28.136','172.31.28.136','2015-11-29 09:52:42','2015-11-29 09:52:42','user99',NULL,99,'Computer Science',1,NULL,NULL,NULL,NULL,NULL,0,10,0),(105,'user100@gmail.com','$2a$10$DW9EhkiYfKQ9JfnLI5jlvuLV8WufQImD4POMhyTDgRWTsnyBwzSaK',NULL,NULL,NULL,1,'2015-11-29 09:52:42','2015-11-29 09:52:42','172.31.28.136','172.31.28.136','2015-11-29 09:52:42','2015-11-29 09:52:42','user100',NULL,100,'Computer Science',1,NULL,NULL,NULL,NULL,NULL,0,10,0),(106,'user101@gmail.com','$2a$10$8XYE1d0bjE2YBwSlleA/YuCA9U.OmtZCljhVOL9hHYrAbzw.M3aQm',NULL,NULL,NULL,1,'2015-11-29 09:52:43','2015-11-29 09:52:43','172.31.28.136','172.31.28.136','2015-11-29 09:52:43','2015-11-29 09:52:43','user101',NULL,101,'Computer Science',1,NULL,NULL,NULL,NULL,NULL,0,10,0),(107,'user102@gmail.com','$2a$10$xPIjfOiQnmnJvDtOJiMKCeGReT8jDnzT/XB7cuzLVT0lL.1t5/s9a',NULL,NULL,NULL,1,'2015-11-29 09:52:48','2015-11-29 09:52:48','172.31.28.136','172.31.28.136','2015-11-29 09:52:48','2015-11-29 09:52:48','user102',NULL,102,'Computer Science',1,NULL,NULL,NULL,NULL,NULL,0,10,0),(108,'user103@gmail.com','$2a$10$q1LHA9dVUh2ArPBRYAaA0uxTwIz7f.mwtwWx7jvQaxrFK1xy2pknm',NULL,NULL,NULL,1,'2015-11-29 09:52:49','2015-11-29 09:52:49','172.31.28.136','172.31.28.136','2015-11-29 09:52:49','2015-11-29 09:52:49','user103',NULL,103,'Computer Science',1,NULL,NULL,NULL,NULL,NULL,0,10,0),(109,'user104@gmail.com','$2a$10$pK7z06PVHoLhVCVg6eb1u.dF4m8lDL18lGWLI8mOYA3Qc34o14Ys.',NULL,NULL,NULL,1,'2015-11-29 09:52:51','2015-11-29 09:52:51','172.31.28.136','172.31.28.136','2015-11-29 09:52:51','2015-11-29 09:52:51','user104',NULL,104,'Computer Science',1,NULL,NULL,NULL,NULL,NULL,0,10,0),(110,'user105@gmail.com','$2a$10$Be7Izwc7znhqJiNa399JqOa6oYHEl7Zw6YOCf.wBdtti4e2PZICMK',NULL,NULL,NULL,1,'2015-11-29 09:52:52','2015-11-29 09:52:52','172.31.28.136','172.31.28.136','2015-11-29 09:52:52','2015-11-29 09:52:52','user105',NULL,105,'Computer Science',1,NULL,NULL,NULL,NULL,NULL,0,10,0),(111,'user106@gmail.com','$2a$10$Lp.kYRj.KHzfqMxzfs9BMuOdqPGIrSCT8bNFy0UFLIwSggQQXgagm',NULL,NULL,NULL,1,'2015-11-29 09:52:54','2015-11-29 09:52:54','172.31.28.136','172.31.28.136','2015-11-29 09:52:54','2015-11-29 09:52:54','user106',NULL,106,'Computer Science',1,NULL,NULL,NULL,NULL,NULL,0,10,0),(112,'user107@gmail.com','$2a$10$ZJaHzQk8xt2vF31Kw/jAWOiN5G3TF5mLNh2OYRozR5wALjSr0jLhS',NULL,NULL,NULL,1,'2015-11-29 09:52:54','2015-11-29 09:52:54','172.31.28.136','172.31.28.136','2015-11-29 09:52:54','2015-11-29 09:52:54','user107',NULL,107,'Computer Science',1,NULL,NULL,NULL,NULL,NULL,0,10,0),(113,'user108@gmail.com','$2a$10$It0FKiiaIgyOUXiS5n76/OXykXfcLJm3fp/sQbpQyHqMbV1c2zYoa',NULL,NULL,NULL,1,'2015-11-29 09:52:55','2015-11-29 09:52:55','172.31.28.136','172.31.28.136','2015-11-29 09:52:55','2015-11-29 09:52:55','user108',NULL,108,'Computer Science',1,NULL,NULL,NULL,NULL,NULL,0,10,0),(114,'user109@gmail.com','$2a$10$k0Eue0smOJv6.1a1.FRzJuuJc9O4UOwSvt6/9t785jF9SuG2GAMNO',NULL,NULL,NULL,1,'2015-11-29 09:52:56','2015-11-29 09:52:56','172.31.28.136','172.31.28.136','2015-11-29 09:52:56','2015-11-29 09:52:56','user109',NULL,109,'Computer Science',1,NULL,NULL,NULL,NULL,NULL,0,10,0),(115,'user110@gmail.com','$2a$10$joPEmwU5cegW5qG7R4ocFeULD5RqDMNVn/Cp1wSrpjZyKlyssoNtO',NULL,NULL,NULL,1,'2015-11-29 09:53:02','2015-11-29 09:53:02','172.31.28.136','172.31.28.136','2015-11-29 09:53:02','2015-11-29 09:53:02','user110',NULL,110,'Computer Science',1,NULL,NULL,NULL,NULL,NULL,0,10,0),(116,'user111@gmail.com','$2a$10$mZcJY4BVUs3/XU35NpbUJ.ej6k/nwM6UpiBeA/HVYZTIzqxhMVi4e',NULL,NULL,NULL,1,'2015-11-29 09:53:06','2015-11-29 09:53:06','172.31.28.136','172.31.28.136','2015-11-29 09:53:06','2015-11-29 09:53:06','user111',NULL,111,'Computer Science',1,NULL,NULL,NULL,NULL,NULL,0,10,0),(117,'user112@gmail.com','$2a$10$B5ltTyygPetlIWTOre9JGexnXMTAJsawWCtvuaUcGSzDHiJfUsdBm',NULL,NULL,NULL,1,'2015-11-29 09:53:06','2015-11-29 09:53:06','172.31.28.136','172.31.28.136','2015-11-29 09:53:06','2015-11-29 09:53:06','user112',NULL,112,'Computer Science',1,NULL,NULL,NULL,NULL,NULL,0,10,0),(118,'user113@gmail.com','$2a$10$x0S.e5ds5.uRambuhMj.LORf/9TzP/pKR7Cptw46fUhwwaXfDXwUu',NULL,NULL,NULL,1,'2015-11-29 09:53:10','2015-11-29 09:53:10','172.31.28.136','172.31.28.136','2015-11-29 09:53:10','2015-11-29 09:53:10','user113',NULL,113,'Computer Science',1,NULL,NULL,NULL,NULL,NULL,0,10,0),(119,'user114@gmail.com','$2a$10$.uwjYo7.XxfiykE5ak5pk.vKtilxG3kS8GLPwoRSmJZoHbPU7.LqC',NULL,NULL,NULL,1,'2015-11-29 09:53:12','2015-11-29 09:53:12','172.31.28.136','172.31.28.136','2015-11-29 09:53:12','2015-11-29 09:53:12','user114',NULL,114,'Computer Science',1,NULL,NULL,NULL,NULL,NULL,0,10,0),(120,'user115@gmail.com','$2a$10$spcuZ5JceuwOtbUdypRLJO29pFF/eXic6dHWyXcrfQ/W/BoAPtEGK',NULL,NULL,NULL,1,'2015-11-29 09:53:12','2015-11-29 09:53:12','172.31.28.136','172.31.28.136','2015-11-29 09:53:12','2015-11-29 09:53:12','user115',NULL,115,'Computer Science',1,NULL,NULL,NULL,NULL,NULL,0,10,0),(121,'user116@gmail.com','$2a$10$CY0Pe0n/SowL1h.vuBOpz.O8OcKWd7PVl.u.87ym2kwa2J45YjDTu',NULL,NULL,NULL,1,'2015-11-29 09:53:14','2015-11-29 09:53:14','172.31.28.136','172.31.28.136','2015-11-29 09:53:14','2015-11-29 09:53:14','user116',NULL,116,'Computer Science',1,NULL,NULL,NULL,NULL,NULL,0,10,0),(122,'user117@gmail.com','$2a$10$OHV67DtuYjP3R8R1seAfS.InZDZAh2dOKVc9IoDIzmt3uDo3YthVG',NULL,NULL,NULL,1,'2015-11-29 09:53:24','2015-11-29 09:53:24','172.31.28.136','172.31.28.136','2015-11-29 09:53:24','2015-11-29 09:53:24','user117',NULL,117,'Computer Science',1,NULL,NULL,NULL,NULL,NULL,0,10,0),(123,'user118@gmail.com','$2a$10$a9RW6rZ88kj2GnTPnJyqJe6sgP6IQlm95.Nt20/0FKGeA9sxUa0Bi',NULL,NULL,NULL,1,'2015-11-29 09:53:25','2015-11-29 09:53:25','172.31.28.136','172.31.28.136','2015-11-29 09:53:25','2015-11-29 09:53:25','user118',NULL,118,'Computer Science',1,NULL,NULL,NULL,NULL,NULL,0,10,0),(124,'user119@gmail.com','$2a$10$blci97nRZm0Pc0A1d4sjvOSBej4sZn7UuEkHkf0XzCh5tndrGifOS',NULL,NULL,NULL,1,'2015-11-29 09:53:28','2015-11-29 09:53:28','172.31.28.136','172.31.28.136','2015-11-29 09:53:28','2015-11-29 09:53:28','user119',NULL,119,'Computer Science',1,NULL,NULL,NULL,NULL,NULL,0,10,0),(125,'user120@gmail.com','$2a$10$QGWoyeTzuKI2ZGF3jDz6uu0snNBGO1Prn54X5Vr1g8pWwPR6Rz1HO',NULL,NULL,NULL,1,'2015-11-29 09:53:31','2015-11-29 09:53:31','172.31.28.136','172.31.28.136','2015-11-29 09:53:31','2015-11-29 09:53:31','user120',NULL,120,'Computer Science',1,NULL,NULL,NULL,NULL,NULL,0,10,0),(126,'user121@gmail.com','$2a$10$QX1BjpxA5ZgVjQREmSS6se2qmbBjEZvIDpvspVih8kW.Jg/osIPNi',NULL,NULL,NULL,1,'2015-11-29 09:53:32','2015-11-29 09:53:32','172.31.28.136','172.31.28.136','2015-11-29 09:53:32','2015-11-29 09:53:32','user121',NULL,121,'Computer Science',1,NULL,NULL,NULL,NULL,NULL,0,10,0),(127,'user122@gmail.com','$2a$10$LLQbVaSdBOUTw5sdcb06FuLbMSde0P9tRkfwlepIZVRw7qYvMfvOW',NULL,NULL,NULL,1,'2015-11-29 09:53:33','2015-11-29 09:53:33','172.31.28.136','172.31.28.136','2015-11-29 09:53:33','2015-11-29 09:53:33','user122',NULL,122,'Computer Science',1,NULL,NULL,NULL,NULL,NULL,0,10,0),(128,'user123@gmail.com','$2a$10$932hIP9aauC95h778JgYEOw.mAluDN5xcGofwxkvy3WVRGLnZwpO.',NULL,NULL,NULL,1,'2015-11-29 09:53:34','2015-11-29 09:53:34','172.31.28.136','172.31.28.136','2015-11-29 09:53:34','2015-11-29 09:53:34','user123',NULL,123,'Computer Science',1,NULL,NULL,NULL,NULL,NULL,0,10,0),(129,'user124@gmail.com','$2a$10$X1fe.JrT07MxdQ.nP3jB3euwLxYzc4TEIVmJeUDi6M95EkbPuLu7C',NULL,NULL,NULL,1,'2015-11-29 09:53:35','2015-11-29 09:53:35','172.31.28.136','172.31.28.136','2015-11-29 09:53:34','2015-11-29 09:53:35','user124',NULL,124,'Computer Science',1,NULL,NULL,NULL,NULL,NULL,0,10,0),(130,'user125@gmail.com','$2a$10$z6jWeq0k193U7ZnHETFbrepRSmVIXNxx1dzAlFILsPb2D6cJzfOL2',NULL,NULL,NULL,1,'2015-11-29 09:53:35','2015-11-29 09:53:35','172.31.28.136','172.31.28.136','2015-11-29 09:53:35','2015-11-29 09:53:35','user125',NULL,125,'Computer Science',1,NULL,NULL,NULL,NULL,NULL,0,10,0),(131,'user126@gmail.com','$2a$10$CjaIwi2cTYYvlre3FbTdQeMMODS.gfTNrpcXsrHdvKgvGVnMa1ybW',NULL,NULL,NULL,1,'2015-11-29 09:53:36','2015-11-29 09:53:36','172.31.28.136','172.31.28.136','2015-11-29 09:53:36','2015-11-29 09:53:36','user126',NULL,126,'Computer Science',1,NULL,NULL,NULL,NULL,NULL,0,10,0),(132,'user127@gmail.com','$2a$10$xq9oL0lx954DJr1DQnJ3H.txROZNDX1tcau4mhY1ytCleh9GnoXmq',NULL,NULL,NULL,1,'2015-11-29 09:53:41','2015-11-29 09:53:41','172.31.28.136','172.31.28.136','2015-11-29 09:53:41','2015-11-29 09:53:41','user127',NULL,127,'Computer Science',1,NULL,NULL,NULL,NULL,NULL,0,10,0),(133,'user128@gmail.com','$2a$10$zWMKl5zh8X1HaGWHEOj6h.0b.cBupcm5Q4eGyGzycX4uQ2qFL0uje',NULL,NULL,NULL,1,'2015-11-29 09:53:44','2015-11-29 09:53:44','172.31.28.136','172.31.28.136','2015-11-29 09:53:44','2015-11-29 09:53:44','user128',NULL,128,'Computer Science',1,NULL,NULL,NULL,NULL,NULL,0,10,0),(134,'user129@gmail.com','$2a$10$rndAFrLMOX1.f84iOHFUhOBQAvctyO9y2AyQkODMXwXyDLTedyZti',NULL,NULL,NULL,1,'2015-11-29 09:53:47','2015-11-29 09:53:47','172.31.28.136','172.31.28.136','2015-11-29 09:53:47','2015-11-29 09:53:47','user129',NULL,129,'Computer Science',1,NULL,NULL,NULL,NULL,NULL,0,10,0),(135,'user130@gmail.com','$2a$10$oGgSc3K3oI.1GOMPgW7AEe58jE0YGg8T0OJAPbxV/WQkEc7NGmPOO',NULL,NULL,NULL,1,'2015-11-29 09:53:48','2015-11-29 09:53:48','172.31.28.136','172.31.28.136','2015-11-29 09:53:48','2015-11-29 09:53:48','user130',NULL,130,'Computer Science',1,NULL,NULL,NULL,NULL,NULL,0,10,0),(136,'user131@gmail.com','$2a$10$ZnPTXMIqPWqiO12lu85D4ulekSX7EyMRhzphJARh0TbWntirg15D6',NULL,NULL,NULL,1,'2015-11-29 09:53:54','2015-11-29 09:53:54','172.31.28.136','172.31.28.136','2015-11-29 09:53:54','2015-11-29 09:53:54','user131',NULL,131,'Computer Science',1,NULL,NULL,NULL,NULL,NULL,0,10,0),(137,'user132@gmail.com','$2a$10$YkAvPOJJZozJMXJSuPee7OMJlmpP5E.IIOFkClDRLCKkllMnVWuNu',NULL,NULL,NULL,1,'2015-11-29 09:53:54','2015-11-29 09:53:54','172.31.28.136','172.31.28.136','2015-11-29 09:53:54','2015-11-29 09:53:54','user132',NULL,132,'Computer Science',1,NULL,NULL,NULL,NULL,NULL,0,10,0),(138,'user133@gmail.com','$2a$10$sTdMe3B20K7W2V2fiWZRpe78iOnLmEufjQU657TcZiKSdGY3G0vpq',NULL,NULL,NULL,1,'2015-11-29 09:53:55','2015-11-29 09:53:55','172.31.28.136','172.31.28.136','2015-11-29 09:53:55','2015-11-29 09:53:55','user133',NULL,133,'Computer Science',1,NULL,NULL,NULL,NULL,NULL,0,10,0),(139,'user134@gmail.com','$2a$10$zd2yuy1Q1HEbzSVOndDEwuT.BmemQTr/qPl7rkAtQ3SrZ47.CVBIq',NULL,NULL,NULL,1,'2015-11-29 09:53:57','2015-11-29 09:53:57','172.31.28.136','172.31.28.136','2015-11-29 09:53:57','2015-11-29 09:53:57','user134',NULL,134,'Computer Science',1,NULL,NULL,NULL,NULL,NULL,0,10,0),(140,'user135@gmail.com','$2a$10$ul6Qd.b7F1sAYU5oHs0n/eQxsBd66fkM9b86W0j/mCjOk5zlQbEKG',NULL,NULL,NULL,1,'2015-11-29 09:54:01','2015-11-29 09:54:01','172.31.28.136','172.31.28.136','2015-11-29 09:54:01','2015-11-29 09:54:01','user135',NULL,135,'Computer Science',1,NULL,NULL,NULL,NULL,NULL,0,10,0),(141,'user136@gmail.com','$2a$10$BedwI/HmQLPJCmXwF9SMn.x2BNP7qYkH7bdt30UkNwmM5TPayvHPK',NULL,NULL,NULL,1,'2015-11-29 09:54:02','2015-11-29 09:54:02','172.31.28.136','172.31.28.136','2015-11-29 09:54:02','2015-11-29 09:54:02','user136',NULL,136,'Computer Science',1,NULL,NULL,NULL,NULL,NULL,0,10,0),(142,'user137@gmail.com','$2a$10$rJZAyNCztHm/wkMTRw7M1eJgUCjR7tiYK0pweN4zZPOlxXV8.1bG2',NULL,NULL,NULL,1,'2015-11-29 09:54:03','2015-11-29 09:54:03','172.31.28.136','172.31.28.136','2015-11-29 09:54:03','2015-11-29 09:54:03','user137',NULL,137,'Computer Science',1,NULL,NULL,NULL,NULL,NULL,0,10,0),(143,'user138@gmail.com','$2a$10$JpVJL4ijhJ64uXcnqyBF3eaYKQFYD7ilnPnBPRlfOgrrkAdGqP.3O',NULL,NULL,NULL,1,'2015-11-29 09:54:04','2015-11-29 09:54:04','172.31.28.136','172.31.28.136','2015-11-29 09:54:04','2015-11-29 09:54:04','user138',NULL,138,'Computer Science',1,NULL,NULL,NULL,NULL,NULL,0,10,0),(144,'user139@gmail.com','$2a$10$Zeu/fh0DN3UPxz55KbnQfeE99eoc4UZ56Z6p85aJSh0D62kVgshVa',NULL,NULL,NULL,1,'2015-11-29 09:54:07','2015-11-29 09:54:07','172.31.28.136','172.31.28.136','2015-11-29 09:54:07','2015-11-29 09:54:07','user139',NULL,139,'Computer Science',1,NULL,NULL,NULL,NULL,NULL,0,10,0),(145,'user140@gmail.com','$2a$10$PfI0cPC3PJO9JBuvEG/VJuKU7hKeBvvNDIdU5NOtkRCl6DdipMDPa',NULL,NULL,NULL,1,'2015-11-29 09:54:08','2015-11-29 09:54:08','172.31.28.136','172.31.28.136','2015-11-29 09:54:08','2015-11-29 09:54:08','user140',NULL,140,'Computer Science',1,NULL,NULL,NULL,NULL,NULL,0,10,0),(146,'user141@gmail.com','$2a$10$4Iq4YZLZTcKqz.rnWMDtIOgM03t4nK5xuzJFMbQ1PqCEyLmyclInu',NULL,NULL,NULL,1,'2015-11-29 09:54:10','2015-11-29 09:54:10','172.31.28.136','172.31.28.136','2015-11-29 09:54:10','2015-11-29 09:54:10','user141',NULL,141,'Computer Science',1,NULL,NULL,NULL,NULL,NULL,0,10,0),(147,'user142@gmail.com','$2a$10$1bypQG42Vw2Yd7IYLwB3S.i3QkEKo5nP22TmVUUqBJSIF4lozqLjS',NULL,NULL,NULL,1,'2015-11-29 09:54:16','2015-11-29 09:54:16','172.31.28.136','172.31.28.136','2015-11-29 09:54:16','2015-11-29 09:54:16','user142',NULL,142,'Computer Science',1,NULL,NULL,NULL,NULL,NULL,0,10,0),(148,'user143@gmail.com','$2a$10$5VBQgRq9DB63m2.EvhWwf.rPsEtqAkqH4v1mFhwA1oC/TDESUlSWm',NULL,NULL,NULL,1,'2015-11-29 09:54:22','2015-11-29 09:54:22','172.31.28.136','172.31.28.136','2015-11-29 09:54:22','2015-11-29 09:54:22','user143',NULL,143,'Computer Science',1,NULL,NULL,NULL,NULL,NULL,0,10,0),(149,'user144@gmail.com','$2a$10$A02A4XIpvugJmnw4pXxG7.ss9RuAFtETbw/vp1DIQj.1/f4y6Bg2C',NULL,NULL,NULL,1,'2015-11-29 09:54:27','2015-11-29 09:54:27','172.31.28.136','172.31.28.136','2015-11-29 09:54:27','2015-11-29 09:54:27','user144',NULL,144,'Computer Science',1,NULL,NULL,NULL,NULL,NULL,0,10,0),(150,'user145@gmail.com','$2a$10$.SNr5HAavmJEuvVwsCDSS.gYkoAfCCecWxJU1AvXrYp9Ui2OpJPHW',NULL,NULL,NULL,1,'2015-11-29 09:54:28','2015-11-29 09:54:28','172.31.28.136','172.31.28.136','2015-11-29 09:54:28','2015-11-29 09:54:28','user145',NULL,145,'Computer Science',1,NULL,NULL,NULL,NULL,NULL,0,10,0),(151,'user146@gmail.com','$2a$10$DcHCKJLI.90t31V60lDzOu5keNJPUbIZOt2hmVmvrTkBYEFgaIBje',NULL,NULL,NULL,1,'2015-11-29 09:54:29','2015-11-29 09:54:29','172.31.28.136','172.31.28.136','2015-11-29 09:54:29','2015-11-29 09:54:29','user146',NULL,146,'Computer Science',1,NULL,NULL,NULL,NULL,NULL,0,10,0),(152,'user147@gmail.com','$2a$10$PtF2b.UXwf.s2SsV/VUzF.U8AhSoz4X9sn5Gu4E0IfonfjBCdIi66',NULL,NULL,NULL,1,'2015-11-29 09:54:29','2015-11-29 09:54:29','172.31.28.136','172.31.28.136','2015-11-29 09:54:29','2015-11-29 09:54:29','user147',NULL,147,'Computer Science',1,NULL,NULL,NULL,NULL,NULL,0,10,0),(153,'user148@gmail.com','$2a$10$HCOp3IrNK1FbQbEl./4bre4LiFY27HH29.bREu66yHwQ8eFOv1.2C',NULL,NULL,NULL,1,'2015-11-29 09:54:30','2015-11-29 09:54:30','172.31.28.136','172.31.28.136','2015-11-29 09:54:30','2015-11-29 09:54:30','user148',NULL,148,'Computer Science',1,NULL,NULL,NULL,NULL,NULL,0,10,0),(154,'user149@gmail.com','$2a$10$eOrcopcgcZhSzCMiuiwKu.NRTxQrOiyKfTEH8dNMz4Rjxx3kk055W',NULL,NULL,NULL,1,'2015-11-29 09:54:32','2015-11-29 09:54:32','172.31.28.136','172.31.28.136','2015-11-29 09:54:32','2015-11-29 09:54:32','user149',NULL,149,'Computer Science',1,NULL,NULL,NULL,NULL,NULL,0,10,0),(155,'user150@gmail.com','$2a$10$nGiI1q1abuX.tWeGlpKTg..hDl7rthknJ9NlzRFgHQU9KwJLCiJlu',NULL,NULL,NULL,1,'2015-11-29 09:54:34','2015-11-29 09:54:34','172.31.28.136','172.31.28.136','2015-11-29 09:54:34','2015-11-29 09:54:34','user150',NULL,150,'Computer Science',1,NULL,NULL,NULL,NULL,NULL,0,10,0),(156,'user151@gmail.com','$2a$10$Pk5wuy/028jAfinlgJiqQ.3sR5c.04K6LIbzTjJYe9Zqnckn//we6',NULL,NULL,NULL,1,'2015-11-29 09:54:39','2015-11-29 09:54:39','172.31.28.136','172.31.28.136','2015-11-29 09:54:39','2015-11-29 09:54:39','user151',NULL,151,'Computer Science',1,NULL,NULL,NULL,NULL,NULL,0,10,0),(157,'user152@gmail.com','$2a$10$.BL.19pKVHVT8I0wJUBRg.GXXwmjdI8GUtG0i1mXwRJm0pD5jkK7W',NULL,NULL,NULL,1,'2015-11-29 09:54:40','2015-11-29 09:54:40','172.31.28.136','172.31.28.136','2015-11-29 09:54:40','2015-11-29 09:54:40','user152',NULL,152,'Computer Science',1,NULL,NULL,NULL,NULL,NULL,0,10,0),(158,'user153@gmail.com','$2a$10$EJLVAKRq6pVY0jsVwNDMG.vB2ebzvhJN.yd1dpUxT6eDu43Losr1i',NULL,NULL,NULL,1,'2015-11-29 09:54:41','2015-11-29 09:54:41','172.31.28.136','172.31.28.136','2015-11-29 09:54:41','2015-11-29 09:54:41','user153',NULL,153,'Computer Science',1,NULL,NULL,NULL,NULL,NULL,0,10,0),(159,'user154@gmail.com','$2a$10$fCV.f3nA0l7MFmOthCfys.swUNdin4AmspY9I.hjoCIR1OjlHPViG',NULL,NULL,NULL,1,'2015-11-29 09:54:42','2015-11-29 09:54:42','172.31.28.136','172.31.28.136','2015-11-29 09:54:42','2015-11-29 09:54:42','user154',NULL,154,'Computer Science',1,NULL,NULL,NULL,NULL,NULL,0,10,0),(160,'user155@gmail.com','$2a$10$2jJc0webkH5N/HMGhuSxOO1pY1Q73eH2AnZthk0ZCS18QBZzW6jzq',NULL,NULL,NULL,1,'2015-11-29 09:54:44','2015-11-29 09:54:44','172.31.28.136','172.31.28.136','2015-11-29 09:54:44','2015-11-29 09:54:44','user155',NULL,155,'Computer Science',1,NULL,NULL,NULL,NULL,NULL,0,10,0),(161,'user156@gmail.com','$2a$10$5dnQcri/rqFPWm2Pp6EkvO78AN9Gu9Jy3ojHfp66IpdsfA54cJ/8u',NULL,NULL,NULL,1,'2015-11-29 09:54:46','2015-11-29 09:54:46','172.31.28.136','172.31.28.136','2015-11-29 09:54:46','2015-11-29 09:54:46','user156',NULL,156,'Computer Science',1,NULL,NULL,NULL,NULL,NULL,0,10,0),(162,'user157@gmail.com','$2a$10$o8i7jQrVGbraKmLZkiZmwexmzXraDNcEBsE2Jbqngw0CL0Iq/NF/y',NULL,NULL,NULL,1,'2015-11-29 09:54:48','2015-11-29 09:54:48','172.31.28.136','172.31.28.136','2015-11-29 09:54:48','2015-11-29 09:54:48','user157',NULL,157,'Computer Science',1,NULL,NULL,NULL,NULL,NULL,0,10,0),(163,'user158@gmail.com','$2a$10$MCuQv/QA.dm594moIlHjC.AJ/i3YvEZP/EVBpEGUcuHpRhux4HOua',NULL,NULL,NULL,1,'2015-11-29 09:54:51','2015-11-29 09:54:51','172.31.28.136','172.31.28.136','2015-11-29 09:54:51','2015-11-29 09:54:51','user158',NULL,158,'Computer Science',1,NULL,NULL,NULL,NULL,NULL,0,10,0),(164,'user159@gmail.com','$2a$10$uxP3BeqkKlLCeBcO3OMHDOyS.j4AfAuz2V1CDmvXJ6BEWkpdeZi1W',NULL,NULL,NULL,1,'2015-11-29 09:54:51','2015-11-29 09:54:51','172.31.28.136','172.31.28.136','2015-11-29 09:54:51','2015-11-29 09:54:51','user159',NULL,159,'Computer Science',1,NULL,NULL,NULL,NULL,NULL,0,10,0),(165,'user160@gmail.com','$2a$10$gMfMW4KpCwMKuPLOpTFrD.4T2cgKG2uu7NN2L81Ks30kIecZnLshu',NULL,NULL,NULL,1,'2015-11-29 09:54:53','2015-11-29 09:54:53','172.31.28.136','172.31.28.136','2015-11-29 09:54:53','2015-11-29 09:54:53','user160',NULL,160,'Computer Science',1,NULL,NULL,NULL,NULL,NULL,0,10,0),(166,'user161@gmail.com','$2a$10$UaFxVNZd.PL7wRkPgnVFlO7.nvAuJjK/55xU43aS6xlkQ/jsSCoRa',NULL,NULL,NULL,1,'2015-11-29 09:54:59','2015-11-29 09:54:59','172.31.28.136','172.31.28.136','2015-11-29 09:54:59','2015-11-29 09:54:59','user161',NULL,161,'Computer Science',1,NULL,NULL,NULL,NULL,NULL,0,10,0),(167,'user162@gmail.com','$2a$10$axDzNgjAHy9k8XlBLv1p0.e5bZmldGGktJoL8qBB8kKH.IuBv7Cta',NULL,NULL,NULL,1,'2015-11-29 09:55:01','2015-11-29 09:55:01','172.31.28.136','172.31.28.136','2015-11-29 09:55:01','2015-11-29 09:55:01','user162',NULL,162,'Computer Science',1,NULL,NULL,NULL,NULL,NULL,0,10,0),(168,'user163@gmail.com','$2a$10$ImnOUMjGUwkD/GZkiZ3TGeIFzIbXjjMicKGk1E1.jrFGEyVp6CRKO',NULL,NULL,NULL,1,'2015-11-29 09:55:02','2015-11-29 09:55:02','172.31.28.136','172.31.28.136','2015-11-29 09:55:02','2015-11-29 09:55:02','user163',NULL,163,'Computer Science',1,NULL,NULL,NULL,NULL,NULL,0,10,0),(169,'user164@gmail.com','$2a$10$PWRQnfpyLWkp03tCPy0x8.LA8YHkc7B8WyxNvQp0z3mQNziB170iG',NULL,NULL,NULL,1,'2015-11-29 09:55:03','2015-11-29 09:55:03','172.31.28.136','172.31.28.136','2015-11-29 09:55:03','2015-11-29 09:55:03','user164',NULL,164,'Computer Science',1,NULL,NULL,NULL,NULL,NULL,0,10,0),(170,'user165@gmail.com','$2a$10$8fN5pnrMlCQo.ZjFelyrFOOkv0R3tLVF4BGWhS7gEIcBUkM/ZyNE6',NULL,NULL,NULL,1,'2015-11-29 09:55:05','2015-11-29 09:55:05','172.31.28.136','172.31.28.136','2015-11-29 09:55:05','2015-11-29 09:55:05','user165',NULL,165,'Computer Science',1,NULL,NULL,NULL,NULL,NULL,0,10,0),(171,'user166@gmail.com','$2a$10$o4ZfHguecqMomwkqzrNFyOJPCwOARgO4UZZO8UH2SRUUWEMXORUP6',NULL,NULL,NULL,1,'2015-11-29 09:55:05','2015-11-29 09:55:05','172.31.28.136','172.31.28.136','2015-11-29 09:55:05','2015-11-29 09:55:05','user166',NULL,166,'Computer Science',1,NULL,NULL,NULL,NULL,NULL,0,10,0),(172,'user167@gmail.com','$2a$10$XcsgvftNu9bHwHYtoGKtN.4BJ/90Ob1T.2prs7it5a2bo3hEKQkBK',NULL,NULL,NULL,1,'2015-11-29 09:55:08','2015-11-29 09:55:08','172.31.28.136','172.31.28.136','2015-11-29 09:55:08','2015-11-29 09:55:08','user167',NULL,167,'Computer Science',1,NULL,NULL,NULL,NULL,NULL,0,10,0),(173,'user168@gmail.com','$2a$10$v3Prp3j4XCkig75fBSJ3Yeok9NXdHMG9lglWiNgsQkQGcfS1FeLu.',NULL,NULL,NULL,1,'2015-11-29 09:55:10','2015-11-29 09:55:10','172.31.28.136','172.31.28.136','2015-11-29 09:55:10','2015-11-29 09:55:10','user168',NULL,168,'Computer Science',1,NULL,NULL,NULL,NULL,NULL,0,10,0),(174,'user169@gmail.com','$2a$10$5TGMydMf87tGeFFqxn4vkekNBYv3/iT/S2Rq1sqh1bVEyEflaF2NK',NULL,NULL,NULL,1,'2015-11-29 09:55:11','2015-11-29 09:55:11','172.31.28.136','172.31.28.136','2015-11-29 09:55:11','2015-11-29 09:55:11','user169',NULL,169,'Computer Science',1,NULL,NULL,NULL,NULL,NULL,0,10,0),(175,'user170@gmail.com','$2a$10$DvN4OczpWBsClAJFx33/se50khfQ0DAsZNNWD4i5S90p7aalwY.M6',NULL,NULL,NULL,1,'2015-11-29 09:55:13','2015-11-29 09:55:13','172.31.28.136','172.31.28.136','2015-11-29 09:55:13','2015-11-29 09:55:13','user170',NULL,170,'Computer Science',1,NULL,NULL,NULL,NULL,NULL,0,10,0),(176,'user171@gmail.com','$2a$10$wBEDKNK09tSD01j32/8IUOes6o8Pt5M0v4.dgUtEyeTUolK2yMzti',NULL,NULL,NULL,1,'2015-11-29 09:55:15','2015-11-29 09:55:15','172.31.28.136','172.31.28.136','2015-11-29 09:55:15','2015-11-29 09:55:15','user171',NULL,171,'Computer Science',1,NULL,NULL,NULL,NULL,NULL,0,10,0),(177,'user172@gmail.com','$2a$10$it6N2Y5X9geHbOp0/X2YcOAOCVJ4JXiG38Gryrwwrkb7JGRIEOn8u',NULL,NULL,NULL,1,'2015-11-29 09:55:17','2015-11-29 09:55:17','172.31.28.136','172.31.28.136','2015-11-29 09:55:17','2015-11-29 09:55:17','user172',NULL,172,'Computer Science',1,NULL,NULL,NULL,NULL,NULL,0,10,0),(178,'user173@gmail.com','$2a$10$ckPuXRbTnivnSS1ZKflM9uSyvukdBrfnuoIaHbW0tBHgg0f5t4H7m',NULL,NULL,NULL,1,'2015-11-29 09:55:19','2015-11-29 09:55:19','172.31.28.136','172.31.28.136','2015-11-29 09:55:19','2015-11-29 09:55:19','user173',NULL,173,'Computer Science',1,NULL,NULL,NULL,NULL,NULL,0,10,0),(179,'user174@gmail.com','$2a$10$izV1BxU5I5BBrnYEcn1Bp.Ggxhms27D9dtxx/LMKZwlr482760NwW',NULL,NULL,NULL,1,'2015-11-29 09:55:22','2015-11-29 09:55:22','172.31.28.136','172.31.28.136','2015-11-29 09:55:22','2015-11-29 09:55:22','user174',NULL,174,'Computer Science',1,NULL,NULL,NULL,NULL,NULL,0,10,0),(180,'user175@gmail.com','$2a$10$v..aDfNUpKGixbP6ytz2ve2s71011LKNKQMY8.BrF3GD22gSmFDjq',NULL,NULL,NULL,1,'2015-11-29 09:55:25','2015-11-29 09:55:25','172.31.28.136','172.31.28.136','2015-11-29 09:55:25','2015-11-29 09:55:25','user175',NULL,175,'Computer Science',1,NULL,NULL,NULL,NULL,NULL,0,10,0),(181,'user176@gmail.com','$2a$10$QXfwmxXrLxYESU2bGZTK/OErNzdOnrBfk7h/anthmtJuwtc7SRScu',NULL,NULL,NULL,1,'2015-11-29 09:55:28','2015-11-29 09:55:28','172.31.28.136','172.31.28.136','2015-11-29 09:55:28','2015-11-29 09:55:28','user176',NULL,176,'Computer Science',1,NULL,NULL,NULL,NULL,NULL,0,10,0),(182,'user177@gmail.com','$2a$10$tN4ptGBtZMyy0vBUGOTOy.5gEnPsEPhpN0CvoWW3XTTAVwMzKmryi',NULL,NULL,NULL,1,'2015-11-29 09:55:30','2015-11-29 09:55:30','172.31.28.136','172.31.28.136','2015-11-29 09:55:30','2015-11-29 09:55:30','user177',NULL,177,'Computer Science',1,NULL,NULL,NULL,NULL,NULL,0,10,0),(183,'user178@gmail.com','$2a$10$xwXcTB5f.p7QP/zqWFmcc.wFW30crb4nkQJjdMxNMYIqWd1AoA5di',NULL,NULL,NULL,1,'2015-11-29 09:55:31','2015-11-29 09:55:31','172.31.28.136','172.31.28.136','2015-11-29 09:55:31','2015-11-29 09:55:31','user178',NULL,178,'Computer Science',1,NULL,NULL,NULL,NULL,NULL,0,10,0),(184,'user179@gmail.com','$2a$10$JYxTmA5FYrTOwM/OY4kmOeRZ24BjQs1bNXzuXEqmFHKa4hnT5iuoO',NULL,NULL,NULL,1,'2015-11-29 09:55:48','2015-11-29 09:55:48','172.31.28.136','172.31.28.136','2015-11-29 09:55:48','2015-11-29 09:55:48','user179',NULL,179,'Computer Science',1,NULL,NULL,NULL,NULL,NULL,0,10,0),(185,'user180@gmail.com','$2a$10$j/xop6uMF0di1Yn7FRzFnuXuadD5KKwZYOQ/eLRmMG2v4H19cCMEm',NULL,NULL,NULL,1,'2015-11-29 09:55:48','2015-11-29 09:55:48','172.31.28.136','172.31.28.136','2015-11-29 09:55:48','2015-11-29 09:55:48','user180',NULL,180,'Computer Science',1,NULL,NULL,NULL,NULL,NULL,0,10,0),(186,'user181@gmail.com','$2a$10$n6MdiVwlDe/h5.GXFwgAr..x/wPUSxhMBrhhiBSj6WkaS9p0ehfw2',NULL,NULL,NULL,1,'2015-11-29 09:55:49','2015-11-29 09:55:49','172.31.28.136','172.31.28.136','2015-11-29 09:55:49','2015-11-29 09:55:49','user181',NULL,181,'Computer Science',1,NULL,NULL,NULL,NULL,NULL,0,10,0),(187,'user182@gmail.com','$2a$10$7RY1VTpCxF97Shu5tPvx.unoLoso8dv2KknBfmsgOkoMT7KJpdnd2',NULL,NULL,NULL,1,'2015-11-29 09:55:51','2015-11-29 09:55:51','172.31.28.136','172.31.28.136','2015-11-29 09:55:51','2015-11-29 09:55:51','user182',NULL,182,'Computer Science',1,NULL,NULL,NULL,NULL,NULL,0,10,0),(188,'user183@gmail.com','$2a$10$0KZJ80VqmKVzFoAiVdd47eEm5qqHhF9EBl33qBPrNKC0jEZqYFrxu',NULL,NULL,NULL,1,'2015-11-29 09:55:52','2015-11-29 09:55:52','172.31.28.136','172.31.28.136','2015-11-29 09:55:52','2015-11-29 09:55:52','user183',NULL,183,'Computer Science',1,NULL,NULL,NULL,NULL,NULL,0,10,0),(189,'user184@gmail.com','$2a$10$voHpIr79dv/SVEP.EjJZR.fxDbUFuzEzUZWkJU.bJP/YtpxjMXKRW',NULL,NULL,NULL,1,'2015-11-29 09:55:52','2015-11-29 09:55:52','172.31.28.136','172.31.28.136','2015-11-29 09:55:52','2015-11-29 09:55:52','user184',NULL,184,'Computer Science',1,NULL,NULL,NULL,NULL,NULL,0,10,0),(190,'user185@gmail.com','$2a$10$uu5I5IPgFseSajvgN1eki.fUqrXZbm5u0XNIRrZerjjYBkgnvQwQ6',NULL,NULL,NULL,1,'2015-11-29 09:55:54','2015-11-29 09:55:54','172.31.28.136','172.31.28.136','2015-11-29 09:55:54','2015-11-29 09:55:54','user185',NULL,185,'Computer Science',1,NULL,NULL,NULL,NULL,NULL,0,10,0),(191,'user186@gmail.com','$2a$10$iYgulL7nW7SZHrLhWKXwReE/wCL3UVZehPoohf4W/HKSlEQS.5qPi',NULL,NULL,NULL,1,'2015-11-29 09:55:56','2015-11-29 09:55:56','172.31.28.136','172.31.28.136','2015-11-29 09:55:56','2015-11-29 09:55:56','user186',NULL,186,'Computer Science',1,NULL,NULL,NULL,NULL,NULL,0,10,0),(192,'user187@gmail.com','$2a$10$7AtU0YGW.usHxPRDdk3.tOzh0aBMl6yaRlBEM7GJk2glj0fb60/N2',NULL,NULL,NULL,1,'2015-11-29 09:55:57','2015-11-29 09:55:57','172.31.28.136','172.31.28.136','2015-11-29 09:55:57','2015-11-29 09:55:57','user187',NULL,187,'Computer Science',1,NULL,NULL,NULL,NULL,NULL,0,10,0),(193,'user188@gmail.com','$2a$10$8IeaD5Zpjb4b9s/LwiyWxucv8U0vxnrD8yAEkig61.486RaejdH6i',NULL,NULL,NULL,1,'2015-11-29 09:55:59','2015-11-29 09:55:59','172.31.28.136','172.31.28.136','2015-11-29 09:55:59','2015-11-29 09:55:59','user188',NULL,188,'Computer Science',1,NULL,NULL,NULL,NULL,NULL,0,10,0),(194,'user189@gmail.com','$2a$10$kAkYBXXk.ZZizJ4332RGGuXOX6acp8qD3rQbC22QCnjW1Fj.xK4e.',NULL,NULL,NULL,1,'2015-11-29 09:56:04','2015-11-29 09:56:04','172.31.28.136','172.31.28.136','2015-11-29 09:56:04','2015-11-29 09:56:04','user189',NULL,189,'Computer Science',1,NULL,NULL,NULL,NULL,NULL,0,10,0),(195,'user190@gmail.com','$2a$10$oWxU/3FtwaIBxYBmG6VRze21eFjlIsmJ4Z6neP5RE1lZVZf.gX1Iq',NULL,NULL,NULL,1,'2015-11-29 09:56:05','2015-11-29 09:56:05','172.31.28.136','172.31.28.136','2015-11-29 09:56:05','2015-11-29 09:56:05','user190',NULL,190,'Computer Science',1,NULL,NULL,NULL,NULL,NULL,0,10,0),(196,'user191@gmail.com','$2a$10$uQQUALm/78X50HYnLLdL6.N2xo3tdd.fYpy528tOAsyT6JIMqr8ma',NULL,NULL,NULL,1,'2015-11-29 09:56:07','2015-11-29 09:56:07','172.31.28.136','172.31.28.136','2015-11-29 09:56:07','2015-11-29 09:56:07','user191',NULL,191,'Computer Science',1,NULL,NULL,NULL,NULL,NULL,0,10,0),(197,'user192@gmail.com','$2a$10$YAnX.w6Xhybz/gg4/UiJ7Om/mjW/a08idDAI04HoMG8o2QKoD./ti',NULL,NULL,NULL,1,'2015-11-29 09:56:11','2015-11-29 09:56:11','172.31.28.136','172.31.28.136','2015-11-29 09:56:11','2015-11-29 09:56:11','user192',NULL,192,'Computer Science',1,NULL,NULL,NULL,NULL,NULL,0,10,0),(198,'user193@gmail.com','$2a$10$aRKRIjzgn1NQNpp0y/qEZONmlouYYZ4AihjN7TdBlR997wZR7GUzi',NULL,NULL,NULL,1,'2015-11-29 09:56:14','2015-11-29 09:56:14','172.31.28.136','172.31.28.136','2015-11-29 09:56:14','2015-11-29 09:56:14','user193',NULL,193,'Computer Science',1,NULL,NULL,NULL,NULL,NULL,0,10,0),(199,'user194@gmail.com','$2a$10$9HNNvVzfj2WVSl052qdl5uZ1Ri5xYjC2eqnR134v/hXwcwqSuKmQi',NULL,NULL,NULL,1,'2015-11-29 09:56:17','2015-11-29 09:56:17','172.31.28.136','172.31.28.136','2015-11-29 09:56:17','2015-11-29 09:56:17','user194',NULL,194,'Computer Science',1,NULL,NULL,NULL,NULL,NULL,0,10,0),(200,'user195@gmail.com','$2a$10$lXiWgyLhXT4YpVupm5g0MOliCrlnhTFx6VoAS.gp4aOpdvwO1..fa',NULL,NULL,NULL,1,'2015-11-29 09:56:18','2015-11-29 09:56:18','172.31.28.136','172.31.28.136','2015-11-29 09:56:18','2015-11-29 09:56:18','user195',NULL,195,'Computer Science',1,NULL,NULL,NULL,NULL,NULL,0,10,0),(201,'user196@gmail.com','$2a$10$tz/BMcUgs2l/SeGAd4EvHOtecV8exm08C04dsplXyRb3.afOhaK4i',NULL,NULL,NULL,1,'2015-11-29 09:56:19','2015-11-29 09:56:19','172.31.28.136','172.31.28.136','2015-11-29 09:56:19','2015-11-29 09:56:19','user196',NULL,196,'Computer Science',1,NULL,NULL,NULL,NULL,NULL,0,10,0),(202,'user197@gmail.com','$2a$10$voFZGGdUCoheyxAUyF6ns.gxQgmZBdEUtsJSheD2T34xYFwri208u',NULL,NULL,NULL,1,'2015-11-29 09:56:20','2015-11-29 09:56:20','172.31.28.136','172.31.28.136','2015-11-29 09:56:20','2015-11-29 09:56:20','user197',NULL,197,'Computer Science',1,NULL,NULL,NULL,NULL,NULL,0,10,0),(203,'user198@gmail.com','$2a$10$sKv27Lkwc48G0qBCJ4tbLO3cA./4FEAWNPigOYDGKhIPVe31U4a8i',NULL,NULL,NULL,1,'2015-11-29 09:56:21','2015-11-29 09:56:21','172.31.28.136','172.31.28.136','2015-11-29 09:56:21','2015-11-29 09:56:21','user198',NULL,198,'Computer Science',1,NULL,NULL,NULL,NULL,NULL,0,10,0),(204,'user199@gmail.com','$2a$10$xw9MnCbOR9QfFL/V2nobk.tImSuj0ZjHLkY4Nhd9gp4O24.MI8Iha',NULL,NULL,NULL,1,'2015-11-29 09:56:24','2015-11-29 09:56:24','172.31.28.136','172.31.28.136','2015-11-29 09:56:24','2015-11-29 09:56:24','user199',NULL,199,'Computer Science',1,NULL,NULL,NULL,NULL,NULL,0,10,0),(205,'user200@gmail.com','$2a$10$bTAmrPcTr/9RlycMIyu24uv.24yc9wa/esayZo8Ep0CB8Y22elsXe',NULL,NULL,NULL,1,'2015-11-29 09:56:25','2015-11-29 09:56:25','172.31.28.136','172.31.28.136','2015-11-29 09:56:25','2015-11-29 09:56:25','user200',NULL,200,'Computer Science',1,NULL,NULL,NULL,NULL,NULL,0,10,0),(206,'user201@gmail.com','$2a$10$ykjVxpflfjhOryuUcvk7../SS1yqHyJcLztijMsUvJXlET4k3E/Fy',NULL,NULL,NULL,1,'2015-11-29 09:56:26','2015-11-29 09:56:26','172.31.28.136','172.31.28.136','2015-11-29 09:56:26','2015-11-29 09:56:26','user201',NULL,201,'Computer Science',1,NULL,NULL,NULL,NULL,NULL,0,10,0),(207,'user202@gmail.com','$2a$10$5cLn7T.nJq1mEeMlhbguVOI6HTO9YKalfnXeqLTM6rSUDGcFAOnum',NULL,NULL,NULL,1,'2015-11-29 09:56:27','2015-11-29 09:56:27','172.31.28.136','172.31.28.136','2015-11-29 09:56:27','2015-11-29 09:56:27','user202',NULL,202,'Computer Science',1,NULL,NULL,NULL,NULL,NULL,0,10,0),(208,'user203@gmail.com','$2a$10$kDMMl622h6A9f74PL.tMruByfq5kSaSo7bJ.h4641ebHSsPyr5UFm',NULL,NULL,NULL,1,'2015-11-29 09:56:29','2015-11-29 09:56:29','172.31.28.136','172.31.28.136','2015-11-29 09:56:29','2015-11-29 09:56:29','user203',NULL,203,'Computer Science',1,NULL,NULL,NULL,NULL,NULL,0,10,0),(209,'user204@gmail.com','$2a$10$UjKlPhJxajBeHrLeYG0MJercqg.iKaOEp2PVlp65VeDPVqa2tJxD2',NULL,NULL,NULL,1,'2015-11-29 09:56:34','2015-11-29 09:56:34','172.31.28.136','172.31.28.136','2015-11-29 09:56:34','2015-11-29 09:56:34','user204',NULL,204,'Computer Science',1,NULL,NULL,NULL,NULL,NULL,0,10,0),(210,'user205@gmail.com','$2a$10$lFEnoAcejvPZ4F7uvUC0xuZR/Yb8MsCgRKD.iDHHjgzU.8Y8IQTh6',NULL,NULL,NULL,1,'2015-11-29 09:56:34','2015-11-29 09:56:34','172.31.28.136','172.31.28.136','2015-11-29 09:56:34','2015-11-29 09:56:34','user205',NULL,205,'Computer Science',1,NULL,NULL,NULL,NULL,NULL,0,10,0),(211,'user206@gmail.com','$2a$10$zmqg2coOqGFB/o8LcK2tweegtmUJ3OaXe0/msMUrWBDyx2PzM2h8y',NULL,NULL,NULL,1,'2015-11-29 09:56:36','2015-11-29 09:56:36','172.31.28.136','172.31.28.136','2015-11-29 09:56:36','2015-11-29 09:56:36','user206',NULL,206,'Computer Science',1,NULL,NULL,NULL,NULL,NULL,0,10,0),(212,'user207@gmail.com','$2a$10$/dL.YqDLw4XBEV1WSfyopOemzGrCPTnB/OXMWFSQpDQIOXO6ko2RW',NULL,NULL,NULL,1,'2015-11-29 09:56:37','2015-11-29 09:56:37','172.31.28.136','172.31.28.136','2015-11-29 09:56:37','2015-11-29 09:56:37','user207',NULL,207,'Computer Science',1,NULL,NULL,NULL,NULL,NULL,0,10,0),(213,'user208@gmail.com','$2a$10$wilrfTheyvy0SwIb.TvkbOFG.7BqEOLmzYdnP1XePN1dL6PI6mFsm',NULL,NULL,NULL,1,'2015-11-29 09:56:38','2015-11-29 09:56:38','172.31.28.136','172.31.28.136','2015-11-29 09:56:38','2015-11-29 09:56:38','user208',NULL,208,'Computer Science',1,NULL,NULL,NULL,NULL,NULL,0,10,0),(214,'user209@gmail.com','$2a$10$B6YJL2lfn/XQl0CdH8o6ZueyrLOGe0DGBcnaTj4cU0u9olD.x0nJa',NULL,NULL,NULL,1,'2015-11-29 09:56:41','2015-11-29 09:56:41','172.31.28.136','172.31.28.136','2015-11-29 09:56:41','2015-11-29 09:56:41','user209',NULL,209,'Computer Science',1,NULL,NULL,NULL,NULL,NULL,0,10,0),(215,'user210@gmail.com','$2a$10$QA235YKVZspFURnrDlyetOjOLQTceEgfuG8raVlKdtL6f8thHwbda',NULL,NULL,NULL,1,'2015-11-29 09:56:42','2015-11-29 09:56:42','172.31.28.136','172.31.28.136','2015-11-29 09:56:42','2015-11-29 09:56:42','user210',NULL,210,'Computer Science',1,NULL,NULL,NULL,NULL,NULL,0,10,0),(216,'user211@gmail.com','$2a$10$JXoCjxPpc9nNftzyWe3mmOe9qBIjf6HxoRv.FeU0/SzJ9OIIZGTbO',NULL,NULL,NULL,1,'2015-11-29 09:56:46','2015-11-29 09:56:46','172.31.28.136','172.31.28.136','2015-11-29 09:56:46','2015-11-29 09:56:46','user211',NULL,211,'Computer Science',1,NULL,NULL,NULL,NULL,NULL,0,10,0),(217,'user212@gmail.com','$2a$10$HOgSHS2/U.KRwV0Z8gu9MeY3lEAuw6yZxmHRJzBwgARHll0SbBPUe',NULL,NULL,NULL,1,'2015-11-29 09:56:47','2015-11-29 09:56:47','172.31.28.136','172.31.28.136','2015-11-29 09:56:47','2015-11-29 09:56:47','user212',NULL,212,'Computer Science',1,NULL,NULL,NULL,NULL,NULL,0,10,0),(218,'user213@gmail.com','$2a$10$9wFsddPMYbrFjELMs7sIW.7K2Qvq5yxT6nesU8rAbbWdzvpLsNpha',NULL,NULL,NULL,1,'2015-11-29 09:56:48','2015-11-29 09:56:48','172.31.28.136','172.31.28.136','2015-11-29 09:56:48','2015-11-29 09:56:48','user213',NULL,213,'Computer Science',1,NULL,NULL,NULL,NULL,NULL,0,10,0),(219,'user214@gmail.com','$2a$10$u/u.PpTpDo.V0vKKLSQkDOJAmQDBDiIrEP10D8E/kty4n7z9leZre',NULL,NULL,NULL,1,'2015-11-29 09:56:49','2015-11-29 09:56:49','172.31.28.136','172.31.28.136','2015-11-29 09:56:49','2015-11-29 09:56:49','user214',NULL,214,'Computer Science',1,NULL,NULL,NULL,NULL,NULL,0,10,0),(220,'user215@gmail.com','$2a$10$U31ddRwGnpZLz9OiL29iDuE1wGxYKvS1DNKJO7vD8QA/iiyHycNQm',NULL,NULL,NULL,1,'2015-11-29 09:56:50','2015-11-29 09:56:50','172.31.28.136','172.31.28.136','2015-11-29 09:56:50','2015-11-29 09:56:50','user215',NULL,215,'Computer Science',1,NULL,NULL,NULL,NULL,NULL,0,10,0),(221,'user216@gmail.com','$2a$10$ga7Kdup3jDFJvwCz9XsFn.X9fd8gLboE3hTYH1g9.qNlNj6XCgS4K',NULL,NULL,NULL,1,'2015-11-29 09:56:52','2015-11-29 09:56:52','172.31.28.136','172.31.28.136','2015-11-29 09:56:52','2015-11-29 09:56:52','user216',NULL,216,'Computer Science',1,NULL,NULL,NULL,NULL,NULL,0,10,0),(222,'user217@gmail.com','$2a$10$Lj5F85CAmKyIij6KSqJL3elAhQMHDF42NOD9urTzNsaGW/yklFpqW',NULL,NULL,NULL,1,'2015-11-29 09:56:52','2015-11-29 09:56:52','172.31.28.136','172.31.28.136','2015-11-29 09:56:52','2015-11-29 09:56:52','user217',NULL,217,'Computer Science',1,NULL,NULL,NULL,NULL,NULL,0,10,0),(223,'user218@gmail.com','$2a$10$CdknvF4nFAeB4gZsf5GXd.Wwmkf7L2cLZ8ihmLiCpGVkghxMkyyz2',NULL,NULL,NULL,1,'2015-11-29 09:56:55','2015-11-29 09:56:55','172.31.28.136','172.31.28.136','2015-11-29 09:56:55','2015-11-29 09:56:55','user218',NULL,218,'Computer Science',1,NULL,NULL,NULL,NULL,NULL,0,10,0),(224,'user219@gmail.com','$2a$10$A97VNg4OWinS2w.2EFpT../dP5IDMVUw44hAIgd5MZevicK3JIZaa',NULL,NULL,NULL,1,'2015-11-29 09:57:06','2015-11-29 09:57:06','172.31.28.136','172.31.28.136','2015-11-29 09:57:06','2015-11-29 09:57:06','user219',NULL,219,'Computer Science',1,NULL,NULL,NULL,NULL,NULL,0,10,0),(225,'user220@gmail.com','$2a$10$gXEVShUgaduiAfQKukqfs.oCzufV99tsKcUVn0uLZn.7MmmTen/vC',NULL,NULL,NULL,1,'2015-11-29 09:57:13','2015-11-29 09:57:13','172.31.28.136','172.31.28.136','2015-11-29 09:57:13','2015-11-29 09:57:13','user220',NULL,220,'Computer Science',1,NULL,NULL,NULL,NULL,NULL,0,10,0),(226,'user221@gmail.com','$2a$10$L3/eEfcWjxhsLKPI/p8b6OwAicuIk974rLUzYMwqX75NzRZAw3486',NULL,NULL,NULL,1,'2015-11-29 09:57:13','2015-11-29 09:57:13','172.31.28.136','172.31.28.136','2015-11-29 09:57:13','2015-11-29 09:57:13','user221',NULL,221,'Computer Science',1,NULL,NULL,NULL,NULL,NULL,0,10,0),(227,'user222@gmail.com','$2a$10$Ar7GGLLbyRU/h4MeIOWznOTY13zJAVOPfLCIr3c1kYd13.Wd4FC2O',NULL,NULL,NULL,1,'2015-11-29 09:57:17','2015-11-29 09:57:17','172.31.28.136','172.31.28.136','2015-11-29 09:57:17','2015-11-29 09:57:17','user222',NULL,222,'Computer Science',1,NULL,NULL,NULL,NULL,NULL,0,10,0),(228,'user223@gmail.com','$2a$10$x2FfY1oxbZNOvmNMdK1FG.oAn4e.n.X/ZIQ8AgcWDjOYR5WgDJ0Hq',NULL,NULL,NULL,1,'2015-11-29 09:57:20','2015-11-29 09:57:20','172.31.28.136','172.31.28.136','2015-11-29 09:57:20','2015-11-29 09:57:20','user223',NULL,223,'Computer Science',1,NULL,NULL,NULL,NULL,NULL,0,10,0),(229,'user224@gmail.com','$2a$10$dXde0vAlzoChz/.lwmc02.scWlAim.X7sf9r7oTLmQazpmC.9CwKS',NULL,NULL,NULL,1,'2015-11-29 09:57:21','2015-11-29 09:57:21','172.31.28.136','172.31.28.136','2015-11-29 09:57:20','2015-11-29 09:57:21','user224',NULL,224,'Computer Science',1,NULL,NULL,NULL,NULL,NULL,0,10,0),(230,'user225@gmail.com','$2a$10$W0lObBtp3lt/8NfsMI5E6.6KWyKqSB0u9InI9pI4zD6NY4FuaFyv6',NULL,NULL,NULL,1,'2015-11-29 09:57:25','2015-11-29 09:57:25','172.31.28.136','172.31.28.136','2015-11-29 09:57:25','2015-11-29 09:57:25','user225',NULL,225,'Computer Science',1,NULL,NULL,NULL,NULL,NULL,0,10,0),(231,'user226@gmail.com','$2a$10$NHHDE50/onWg3pHcw1StpOtzOm02a9CwopM33N0S6k/uum1mzCzGq',NULL,NULL,NULL,1,'2015-11-29 09:57:29','2015-11-29 09:57:29','172.31.28.136','172.31.28.136','2015-11-29 09:57:29','2015-11-29 09:57:29','user226',NULL,226,'Computer Science',1,NULL,NULL,NULL,NULL,NULL,0,10,0),(232,'user227@gmail.com','$2a$10$Ljfei62Rv5XQ2q/Rzr6.POS1RZ1idLHUmRD528.uXxfQfXKQh3EU6',NULL,NULL,NULL,1,'2015-11-29 09:57:29','2015-11-29 09:57:29','172.31.28.136','172.31.28.136','2015-11-29 09:57:29','2015-11-29 09:57:29','user227',NULL,227,'Computer Science',1,NULL,NULL,NULL,NULL,NULL,0,10,0),(233,'user228@gmail.com','$2a$10$PwUX05zg4P5BrsujsIxOve/hQGWbIwKGjvdKEHA6ExYWVP3IT.QLK',NULL,NULL,NULL,1,'2015-11-29 09:57:30','2015-11-29 09:57:30','172.31.28.136','172.31.28.136','2015-11-29 09:57:30','2015-11-29 09:57:30','user228',NULL,228,'Computer Science',1,NULL,NULL,NULL,NULL,NULL,0,10,0),(234,'user229@gmail.com','$2a$10$Vi69r7IRA0x.gZSV7BaTgeOFBuBfAGmTyyxh/ezCanzZcgB2WEeiC',NULL,NULL,NULL,1,'2015-11-29 09:57:30','2015-11-29 09:57:30','172.31.28.136','172.31.28.136','2015-11-29 09:57:30','2015-11-29 09:57:30','user229',NULL,229,'Computer Science',1,NULL,NULL,NULL,NULL,NULL,0,10,0),(235,'user230@gmail.com','$2a$10$DziPB15NllgyTrGswq.4rerJyRaFxyGWBnx9BtCf3JPapvELI9.vi',NULL,NULL,NULL,1,'2015-11-29 09:57:31','2015-11-29 09:57:31','172.31.28.136','172.31.28.136','2015-11-29 09:57:31','2015-11-29 09:57:31','user230',NULL,230,'Computer Science',1,NULL,NULL,NULL,NULL,NULL,0,10,0),(236,'user231@gmail.com','$2a$10$hdd/Y31wuZEIItfjKalmherLLiBd.XLxw83UF5o42Fq5aI71DZP2q',NULL,NULL,NULL,1,'2015-11-29 09:57:31','2015-11-29 09:57:31','172.31.28.136','172.31.28.136','2015-11-29 09:57:31','2015-11-29 09:57:31','user231',NULL,231,'Computer Science',1,NULL,NULL,NULL,NULL,NULL,0,10,0),(237,'user232@gmail.com','$2a$10$dvAPVsfEPjuxVTChJXkvQuj85kH4athelr/RtBOGe2AYr0uy280D2',NULL,NULL,NULL,1,'2015-11-29 09:57:33','2015-11-29 09:57:33','172.31.28.136','172.31.28.136','2015-11-29 09:57:33','2015-11-29 09:57:33','user232',NULL,232,'Computer Science',1,NULL,NULL,NULL,NULL,NULL,0,10,0),(238,'user233@gmail.com','$2a$10$fPl2sxV2JWRIyeQDA8UKNuxmKY5nKer5i2BIBHt9IUq/XUinQ2SKy',NULL,NULL,NULL,1,'2015-11-29 09:57:35','2015-11-29 09:57:35','172.31.28.136','172.31.28.136','2015-11-29 09:57:35','2015-11-29 09:57:35','user233',NULL,233,'Computer Science',1,NULL,NULL,NULL,NULL,NULL,0,10,0),(239,'user234@gmail.com','$2a$10$cdtrKLvv7bbeRYyQWAFP2e.6qDw5UxKIGbfRtM.BHe7ZMvkPqeK8C',NULL,NULL,NULL,1,'2015-11-29 09:57:36','2015-11-29 09:57:36','172.31.28.136','172.31.28.136','2015-11-29 09:57:36','2015-11-29 09:57:36','user234',NULL,234,'Computer Science',1,NULL,NULL,NULL,NULL,NULL,0,10,0),(240,'user235@gmail.com','$2a$10$0Vcltqq64Mt/pfa884wH6.0s9KfLPZNztfCKroGW/FXcPwGCwqzj2',NULL,NULL,NULL,1,'2015-11-29 09:57:39','2015-11-29 09:57:39','172.31.28.136','172.31.28.136','2015-11-29 09:57:39','2015-11-29 09:57:39','user235',NULL,235,'Computer Science',1,NULL,NULL,NULL,NULL,NULL,0,10,0),(241,'user236@gmail.com','$2a$10$WhAFyHs9nkE20lkiab.1euSWSa4WJ04jAuzT3XWaGPuRhgOR.Ks3C',NULL,NULL,NULL,1,'2015-11-29 09:57:41','2015-11-29 09:57:41','172.31.28.136','172.31.28.136','2015-11-29 09:57:41','2015-11-29 09:57:41','user236',NULL,236,'Computer Science',1,NULL,NULL,NULL,NULL,NULL,0,10,0),(242,'user237@gmail.com','$2a$10$NvkEvzM2uDv0yBoRMXga2.FLgeFTiAW81SlJ7yhXrEtgc9i9zxshS',NULL,NULL,NULL,1,'2015-11-29 09:57:44','2015-11-29 09:57:44','172.31.28.136','172.31.28.136','2015-11-29 09:57:44','2015-11-29 09:57:44','user237',NULL,237,'Computer Science',1,NULL,NULL,NULL,NULL,NULL,0,10,0),(243,'user238@gmail.com','$2a$10$FoWDvq986/yRfkuSqZ6BleAledHRbYeEpwLuClFE5V9GEZShHqVKK',NULL,NULL,NULL,1,'2015-11-29 09:57:45','2015-11-29 09:57:45','172.31.28.136','172.31.28.136','2015-11-29 09:57:45','2015-11-29 09:57:45','user238',NULL,238,'Computer Science',1,NULL,NULL,NULL,NULL,NULL,0,10,0),(244,'user239@gmail.com','$2a$10$6NrZpNXMNOESZ.Cc5vFEpeCSwb4eOwhREN/kj9Bow5mnTKpQ4MaKO',NULL,NULL,NULL,1,'2015-11-29 09:57:47','2015-11-29 09:57:47','172.31.28.136','172.31.28.136','2015-11-29 09:57:47','2015-11-29 09:57:47','user239',NULL,239,'Computer Science',1,NULL,NULL,NULL,NULL,NULL,0,10,0),(245,'user240@gmail.com','$2a$10$1DOKZn2vlsSeHH2lWUW0u.IoW6REqLb0sk8HltHO.6sXMN6GWwk..',NULL,NULL,NULL,1,'2015-11-29 09:57:51','2015-11-29 09:57:51','172.31.28.136','172.31.28.136','2015-11-29 09:57:51','2015-11-29 09:57:51','user240',NULL,240,'Computer Science',1,NULL,NULL,NULL,NULL,NULL,0,10,0),(246,'user241@gmail.com','$2a$10$vteq6.7/V.M33ZEt9WFt8e1jVWpa4SAA5IMhxgZqGvyVK6LjhhFbq',NULL,NULL,NULL,1,'2015-11-29 09:57:52','2015-11-29 09:57:52','172.31.28.136','172.31.28.136','2015-11-29 09:57:52','2015-11-29 09:57:52','user241',NULL,241,'Computer Science',1,NULL,NULL,NULL,NULL,NULL,0,10,0),(247,'user242@gmail.com','$2a$10$ouDXw7fAVT1NWLuEa3/Ad.N1pbQ7U/soee0Slq5/t3s2G8oFxXvgG',NULL,NULL,NULL,1,'2015-11-29 09:57:54','2015-11-29 09:57:54','172.31.28.136','172.31.28.136','2015-11-29 09:57:54','2015-11-29 09:57:54','user242',NULL,242,'Computer Science',1,NULL,NULL,NULL,NULL,NULL,0,10,0),(248,'user243@gmail.com','$2a$10$wqLi7xZnVT6AmnIqH8fpdO55zhSuUX.uTHm7/E8cu05UuoZnBdBKS',NULL,NULL,NULL,1,'2015-11-29 09:57:56','2015-11-29 09:57:56','172.31.28.136','172.31.28.136','2015-11-29 09:57:56','2015-11-29 09:57:56','user243',NULL,243,'Computer Science',1,NULL,NULL,NULL,NULL,NULL,0,10,0),(249,'user244@gmail.com','$2a$10$n8jN5Z3SFtHZJWOKaUw5nOnHXuo4A8Rq1VpRtA476jKbf27J.kIJ.',NULL,NULL,NULL,1,'2015-11-29 09:57:56','2015-11-29 09:57:56','172.31.28.136','172.31.28.136','2015-11-29 09:57:56','2015-11-29 09:57:56','user244',NULL,244,'Computer Science',1,NULL,NULL,NULL,NULL,NULL,0,10,0),(250,'user245@gmail.com','$2a$10$HAbEBWlW8qqREMRNGPeJ8eThrtNjZoyzyAjZTChkEdTXNM6XxAXDW',NULL,NULL,NULL,1,'2015-11-29 09:57:58','2015-11-29 09:57:58','172.31.28.136','172.31.28.136','2015-11-29 09:57:58','2015-11-29 09:57:58','user245',NULL,245,'Computer Science',1,NULL,NULL,NULL,NULL,NULL,0,10,0),(251,'user246@gmail.com','$2a$10$p4eQUjJVdHwFGDuELoQnveWLVmT/fpCBd6PXmTNjRgUhQb8.K9JPS',NULL,NULL,NULL,1,'2015-11-29 09:58:00','2015-11-29 09:58:00','172.31.28.136','172.31.28.136','2015-11-29 09:58:00','2015-11-29 09:58:00','user246',NULL,246,'Computer Science',1,NULL,NULL,NULL,NULL,NULL,0,10,0),(252,'user247@gmail.com','$2a$10$UC0Pwei5LsBF9uEyXLlz/OKQK8mlukhoBAFkd.7OokYR1svhjO8vy',NULL,NULL,NULL,1,'2015-11-29 09:58:03','2015-11-29 09:58:03','172.31.28.136','172.31.28.136','2015-11-29 09:58:03','2015-11-29 09:58:03','user247',NULL,247,'Computer Science',1,NULL,NULL,NULL,NULL,NULL,0,10,0),(253,'user248@gmail.com','$2a$10$XFAl1eW9ZIB4WXz66F3/neWpBIHX67EIWVlwZvkRCQhqdNUsdnHMm',NULL,NULL,NULL,1,'2015-11-29 09:58:06','2015-11-29 09:58:06','172.31.28.136','172.31.28.136','2015-11-29 09:58:06','2015-11-29 09:58:06','user248',NULL,248,'Computer Science',1,NULL,NULL,NULL,NULL,NULL,0,10,0),(254,'user249@gmail.com','$2a$10$hnYUQ2hjztG9vJW3m/5zr.7eTcSVvJ3itn1dYnyE3B9NnotlD17Aq',NULL,NULL,NULL,1,'2015-11-29 09:58:06','2015-11-29 09:58:06','172.31.28.136','172.31.28.136','2015-11-29 09:58:06','2015-11-29 09:58:07','user249',NULL,249,'Computer Science',1,NULL,NULL,NULL,NULL,NULL,0,10,0),(255,'user250@gmail.com','$2a$10$Hke8BS/98Ms3HLmC1fyhou6j97A3h6/8m2SL2I/3rOyIQlket4xx2',NULL,NULL,NULL,1,'2015-11-29 09:58:12','2015-11-29 09:58:12','172.31.28.136','172.31.28.136','2015-11-29 09:58:12','2015-11-29 09:58:12','user250',NULL,250,'Computer Science',1,NULL,NULL,NULL,NULL,NULL,0,10,0),(256,'user251@gmail.com','$2a$10$7mKr2eSJCbLkEhF3ENT2Ue0LEOAq.IKBasjxgwpKj3T.Iq3EZmZtO',NULL,NULL,NULL,1,'2015-11-29 09:58:16','2015-11-29 09:58:16','172.31.28.136','172.31.28.136','2015-11-29 09:58:16','2015-11-29 09:58:16','user251',NULL,251,'Computer Science',1,NULL,NULL,NULL,NULL,NULL,0,10,0),(257,'user252@gmail.com','$2a$10$rBbZJvF4sGbe4AXV/eUWDeUnR2LIyhGGU/GXNYj0RkYiFeJIeR9K.',NULL,NULL,NULL,1,'2015-11-29 09:58:18','2015-11-29 09:58:18','172.31.28.136','172.31.28.136','2015-11-29 09:58:18','2015-11-29 09:58:18','user252',NULL,252,'Computer Science',1,NULL,NULL,NULL,NULL,NULL,0,10,0),(258,'user253@gmail.com','$2a$10$ST4c09k9MndPTBAmfMnvKu.N8iRC02yKFSybN20LX1cEkvFv8r1yS',NULL,NULL,NULL,1,'2015-11-29 09:58:19','2015-11-29 09:58:19','172.31.28.136','172.31.28.136','2015-11-29 09:58:19','2015-11-29 09:58:19','user253',NULL,253,'Computer Science',1,NULL,NULL,NULL,NULL,NULL,0,10,0),(259,'user254@gmail.com','$2a$10$.tw3bbBFFKxMAHtpgQHTy.FQ1q/4e1HPDlgRdMF5o4Sqp9vTFwmo2',NULL,NULL,NULL,1,'2015-11-29 09:58:22','2015-11-29 09:58:22','172.31.28.136','172.31.28.136','2015-11-29 09:58:22','2015-11-29 09:58:22','user254',NULL,254,'Computer Science',1,NULL,NULL,NULL,NULL,NULL,0,10,0),(260,'user255@gmail.com','$2a$10$1Srzq6PfJffNRinqhXO...vv.BqgRp/P4rPnBJ1RSaaGT8BP1kvw.',NULL,NULL,NULL,1,'2015-11-29 09:58:26','2015-11-29 09:58:26','172.31.28.136','172.31.28.136','2015-11-29 09:58:26','2015-11-29 09:58:26','user255',NULL,255,'Computer Science',1,NULL,NULL,NULL,NULL,NULL,0,10,0),(261,'user256@gmail.com','$2a$10$EUqhHPBaERuZQ34wVHYlqegyDYX53meexBO9TlvXketvVna74L8bi',NULL,NULL,NULL,1,'2015-11-29 09:58:29','2015-11-29 09:58:29','172.31.28.136','172.31.28.136','2015-11-29 09:58:29','2015-11-29 09:58:29','user256',NULL,256,'Computer Science',1,NULL,NULL,NULL,NULL,NULL,0,10,0),(262,'user257@gmail.com','$2a$10$8pYQGZEBC4wLT.uKmsdId.VQJu7mgAPbMfg4.kNaUTyuqU2tNyYnG',NULL,NULL,NULL,1,'2015-11-29 09:58:35','2015-11-29 09:58:35','172.31.28.136','172.31.28.136','2015-11-29 09:58:35','2015-11-29 09:58:35','user257',NULL,257,'Computer Science',1,NULL,NULL,NULL,NULL,NULL,0,10,0),(263,'user258@gmail.com','$2a$10$SPSYbdpmNv..kLO0MfkNS.3y8OdDotplK80PHVAKTUxR0VEF7VTEu',NULL,NULL,NULL,1,'2015-11-29 09:58:39','2015-11-29 09:58:39','172.31.28.136','172.31.28.136','2015-11-29 09:58:39','2015-11-29 09:58:39','user258',NULL,258,'Computer Science',1,NULL,NULL,NULL,NULL,NULL,0,10,0),(264,'user259@gmail.com','$2a$10$am018qcVwxIrhcBADJ8X2.57RWmVnZHpwtrC3/McZuzq1cAOgFXVW',NULL,NULL,NULL,1,'2015-11-29 09:58:40','2015-11-29 09:58:40','172.31.28.136','172.31.28.136','2015-11-29 09:58:40','2015-11-29 09:58:40','user259',NULL,259,'Computer Science',1,NULL,NULL,NULL,NULL,NULL,0,10,0),(265,'user260@gmail.com','$2a$10$Q2OLY9ntWUfePnVRI04uD.o9lsPgRO7ovrxaw6At5raahSevMLvCW',NULL,NULL,NULL,1,'2015-11-29 09:58:47','2015-11-29 09:58:47','172.31.28.136','172.31.28.136','2015-11-29 09:58:47','2015-11-29 09:58:47','user260',NULL,260,'Computer Science',1,NULL,NULL,NULL,NULL,NULL,0,10,0),(266,'user261@gmail.com','$2a$10$R1GzE.1I0kOjcNVaK.hCde1jwr1sfdt/EwgSR61b5mjw2u/w6DM1O',NULL,NULL,NULL,1,'2015-11-29 09:58:52','2015-11-29 09:58:52','172.31.28.136','172.31.28.136','2015-11-29 09:58:52','2015-11-29 09:58:52','user261',NULL,261,'Computer Science',1,NULL,NULL,NULL,NULL,NULL,0,10,0),(267,'user262@gmail.com','$2a$10$FmtIeK/m5hbC90WjcESd/OEDv2H.eevPrDLa6YKwDZh3GttXsLZOy',NULL,NULL,NULL,1,'2015-11-29 09:58:53','2015-11-29 09:58:53','172.31.28.136','172.31.28.136','2015-11-29 09:58:53','2015-11-29 09:58:53','user262',NULL,262,'Computer Science',1,NULL,NULL,NULL,NULL,NULL,0,10,0),(268,'user263@gmail.com','$2a$10$i6ajqu0843SlN0xXf1sPYez67O0o1nWMZDgzp/abZkioq0XgUJBNW',NULL,NULL,NULL,1,'2015-11-29 09:58:54','2015-11-29 09:58:54','172.31.28.136','172.31.28.136','2015-11-29 09:58:54','2015-11-29 09:58:54','user263',NULL,263,'Computer Science',1,NULL,NULL,NULL,NULL,NULL,0,10,0),(269,'user264@gmail.com','$2a$10$OPg/Q3raVLiG42tygxL/fOpE1ZiWUJMM7PnQhT/.GyftmPd8r15x.',NULL,NULL,NULL,1,'2015-11-29 09:58:55','2015-11-29 09:58:55','172.31.28.136','172.31.28.136','2015-11-29 09:58:55','2015-11-29 09:58:55','user264',NULL,264,'Computer Science',1,NULL,NULL,NULL,NULL,NULL,0,10,0),(270,'user265@gmail.com','$2a$10$QNUYm36P7NG4Y3uVp2ssh.BvaeYh0F0kluKjI1Iw.xXO6EzXrCQTy',NULL,NULL,NULL,1,'2015-11-29 09:58:59','2015-11-29 09:58:59','172.31.28.136','172.31.28.136','2015-11-29 09:58:59','2015-11-29 09:58:59','user265',NULL,265,'Computer Science',1,NULL,NULL,NULL,NULL,NULL,0,10,0),(271,'user266@gmail.com','$2a$10$vxqebaLFjS.TSBZyY4NMfO3/uwBFtOS2sJKwxpPv7NF/.Rqv06E4W',NULL,NULL,NULL,1,'2015-11-29 09:59:00','2015-11-29 09:59:00','172.31.28.136','172.31.28.136','2015-11-29 09:59:00','2015-11-29 09:59:00','user266',NULL,266,'Computer Science',1,NULL,NULL,NULL,NULL,NULL,0,10,0),(272,'user267@gmail.com','$2a$10$XpCvy.PNFiUTXvNwCguKU.l4wbCI8pd0BmXmfyAxKrcOpFIM.v2n6',NULL,NULL,NULL,1,'2015-11-29 09:59:00','2015-11-29 09:59:00','172.31.28.136','172.31.28.136','2015-11-29 09:59:00','2015-11-29 09:59:00','user267',NULL,267,'Computer Science',1,NULL,NULL,NULL,NULL,NULL,0,10,0),(273,'user268@gmail.com','$2a$10$ClBrEvnCFvjNcyvMemRI9etdaWXldR.xnb9PrCZufip6oTGvmnNNa',NULL,NULL,NULL,1,'2015-11-29 09:59:06','2015-11-29 09:59:06','172.31.28.136','172.31.28.136','2015-11-29 09:59:06','2015-11-29 09:59:06','user268',NULL,268,'Computer Science',1,NULL,NULL,NULL,NULL,NULL,0,10,0),(274,'user269@gmail.com','$2a$10$Pf7nPwWacpKh//VtvpO1Xe.BV8Tp5knOS0tViU.AWpQd4PaC30isi',NULL,NULL,NULL,1,'2015-11-29 09:59:06','2015-11-29 09:59:06','172.31.28.136','172.31.28.136','2015-11-29 09:59:06','2015-11-29 09:59:06','user269',NULL,269,'Computer Science',1,NULL,NULL,NULL,NULL,NULL,0,10,0),(275,'user270@gmail.com','$2a$10$AdKQQdDLCfz5EpJLYiUeaeJnaHHB2PBIiHc1Irc0Co8cd7RJOvGBW',NULL,NULL,NULL,1,'2015-11-29 09:59:08','2015-11-29 09:59:08','172.31.28.136','172.31.28.136','2015-11-29 09:59:08','2015-11-29 09:59:08','user270',NULL,270,'Computer Science',1,NULL,NULL,NULL,NULL,NULL,0,10,0),(276,'user271@gmail.com','$2a$10$6CMkbjznkZpkiQrlSi9yge4GAI1uR6phVA3amysQRHZFCTDK9jDlu',NULL,NULL,NULL,1,'2015-11-29 09:59:10','2015-11-29 09:59:10','172.31.28.136','172.31.28.136','2015-11-29 09:59:10','2015-11-29 09:59:10','user271',NULL,271,'Computer Science',1,NULL,NULL,NULL,NULL,NULL,0,10,0),(277,'user272@gmail.com','$2a$10$GZUlMCUmSu5J/GMOlOq29uOjhONkx67lQopjIMPalJozCka0bE1ny',NULL,NULL,NULL,1,'2015-11-29 09:59:12','2015-11-29 09:59:12','172.31.28.136','172.31.28.136','2015-11-29 09:59:12','2015-11-29 09:59:12','user272',NULL,272,'Computer Science',1,NULL,NULL,NULL,NULL,NULL,0,10,0),(278,'user273@gmail.com','$2a$10$glDI1pbloY4tU6yi77i8buL4XvPegkzBTUGe/V.2wPyY3ALFACpMa',NULL,NULL,NULL,1,'2015-11-29 09:59:13','2015-11-29 09:59:13','172.31.28.136','172.31.28.136','2015-11-29 09:59:13','2015-11-29 09:59:13','user273',NULL,273,'Computer Science',1,NULL,NULL,NULL,NULL,NULL,0,10,0),(279,'user274@gmail.com','$2a$10$fAjOeaymnev.R8IkGHf8oeLUldpTk04VECSu6iobHKtfpvw2p9RwG',NULL,NULL,NULL,1,'2015-11-29 09:59:14','2015-11-29 09:59:14','172.31.28.136','172.31.28.136','2015-11-29 09:59:14','2015-11-29 09:59:14','user274',NULL,274,'Computer Science',1,NULL,NULL,NULL,NULL,NULL,0,10,0),(280,'user275@gmail.com','$2a$10$wbzOUB7M3OxtvzLJtx09RujkEPen//yBnM9zuEgg8yHsxIwEHD9RG',NULL,NULL,NULL,1,'2015-11-29 09:59:18','2015-11-29 09:59:18','172.31.28.136','172.31.28.136','2015-11-29 09:59:18','2015-11-29 09:59:18','user275',NULL,275,'Computer Science',1,NULL,NULL,NULL,NULL,NULL,0,10,0),(281,'user276@gmail.com','$2a$10$VpZQldcrERMuVUEACMaPhuD0JdYPtjWIXK8v4JZNX4C3WqkAQ9rGe',NULL,NULL,NULL,1,'2015-11-29 09:59:19','2015-11-29 09:59:19','172.31.28.136','172.31.28.136','2015-11-29 09:59:19','2015-11-29 09:59:19','user276',NULL,276,'Computer Science',1,NULL,NULL,NULL,NULL,NULL,0,10,0),(282,'user277@gmail.com','$2a$10$OkEJCK0XspB8CGd38vCVfuJ1.u2rhqORde5RoT9OV6FMu0mHb2MCq',NULL,NULL,NULL,1,'2015-11-29 09:59:20','2015-11-29 09:59:20','172.31.28.136','172.31.28.136','2015-11-29 09:59:20','2015-11-29 09:59:20','user277',NULL,277,'Computer Science',1,NULL,NULL,NULL,NULL,NULL,0,10,0),(283,'user278@gmail.com','$2a$10$wv9XEqJ166yBJkHOHshlVumumPwSBRBvNmSAEl.XBB9uu6v1q5R.K',NULL,NULL,NULL,1,'2015-11-29 09:59:20','2015-11-29 09:59:20','172.31.28.136','172.31.28.136','2015-11-29 09:59:20','2015-11-29 09:59:20','user278',NULL,278,'Computer Science',1,NULL,NULL,NULL,NULL,NULL,0,10,0),(284,'user279@gmail.com','$2a$10$EBSGidEJh3zuHmGdja60IeOO8jWhKslsbgMdEJPUD9.bb688kZ9JG',NULL,NULL,NULL,1,'2015-11-29 09:59:21','2015-11-29 09:59:21','172.31.28.136','172.31.28.136','2015-11-29 09:59:21','2015-11-29 09:59:21','user279',NULL,279,'Computer Science',1,NULL,NULL,NULL,NULL,NULL,0,10,0),(285,'user280@gmail.com','$2a$10$X6gXF1e6OlBmXue.U4qqz.SjsDUTkw5PY4Vl30vDlnD8nAm/k4HB.',NULL,NULL,NULL,1,'2015-11-29 09:59:26','2015-11-29 09:59:26','172.31.28.136','172.31.28.136','2015-11-29 09:59:26','2015-11-29 09:59:26','user280',NULL,280,'Computer Science',1,NULL,NULL,NULL,NULL,NULL,0,10,0),(286,'user281@gmail.com','$2a$10$WYEV3kcpeH.4nS9a5K8fI.X8N3rYaMC3T.3drVItPg.fhWfM48LuO',NULL,NULL,NULL,1,'2015-11-29 09:59:30','2015-11-29 09:59:30','172.31.28.136','172.31.28.136','2015-11-29 09:59:30','2015-11-29 09:59:30','user281',NULL,281,'Computer Science',1,NULL,NULL,NULL,NULL,NULL,0,10,0),(287,'user282@gmail.com','$2a$10$qWmcC1OmwlqIUmnCFi7oUOGIRNcjLdA/cCmflxrcSuhQMJrconZii',NULL,NULL,NULL,1,'2015-11-29 09:59:32','2015-11-29 09:59:32','172.31.28.136','172.31.28.136','2015-11-29 09:59:32','2015-11-29 09:59:32','user282',NULL,282,'Computer Science',1,NULL,NULL,NULL,NULL,NULL,0,10,0),(288,'user283@gmail.com','$2a$10$wlqM2QUme4.qzssQo.ZxBOV5jrh2fPmgDo7p52Nc6n/L8qtxnxl4y',NULL,NULL,NULL,1,'2015-11-29 09:59:37','2015-11-29 09:59:37','172.31.28.136','172.31.28.136','2015-11-29 09:59:37','2015-11-29 09:59:37','user283',NULL,283,'Computer Science',1,NULL,NULL,NULL,NULL,NULL,0,10,0),(289,'user284@gmail.com','$2a$10$5RIkP/RPz7SdhEAVOWjByeT5E81AfBzx5Z9FNJt/EoDePeaOJnkl6',NULL,NULL,NULL,1,'2015-11-29 09:59:38','2015-11-29 09:59:38','172.31.28.136','172.31.28.136','2015-11-29 09:59:38','2015-11-29 09:59:38','user284',NULL,284,'Computer Science',1,NULL,NULL,NULL,NULL,NULL,0,10,0),(290,'user285@gmail.com','$2a$10$pxri7n43yKtMvEsgKTa5J.asUqG9mJ00aLWdzXLGOscNMDEKTq8yi',NULL,NULL,NULL,1,'2015-11-29 09:59:42','2015-11-29 09:59:42','172.31.28.136','172.31.28.136','2015-11-29 09:59:42','2015-11-29 09:59:42','user285',NULL,285,'Computer Science',1,NULL,NULL,NULL,NULL,NULL,0,10,0),(291,'user286@gmail.com','$2a$10$ECLpYKwE0dgzTPdYWlYmDOtbhbu3s4X8n96cT/GN7DxS3461NNuUi',NULL,NULL,NULL,1,'2015-11-29 09:59:43','2015-11-29 09:59:43','172.31.28.136','172.31.28.136','2015-11-29 09:59:43','2015-11-29 09:59:43','user286',NULL,286,'Computer Science',1,NULL,NULL,NULL,NULL,NULL,0,10,0),(292,'user287@gmail.com','$2a$10$vGq/eGUb/EdP2qlTgJZ8lOCyJY1oEyHmC/vL8Hst0HjUVeBbASWbS',NULL,NULL,NULL,1,'2015-11-29 09:59:44','2015-11-29 09:59:44','172.31.28.136','172.31.28.136','2015-11-29 09:59:44','2015-11-29 09:59:44','user287',NULL,287,'Computer Science',1,NULL,NULL,NULL,NULL,NULL,0,10,0),(293,'user288@gmail.com','$2a$10$ZCcQwTHOKNqAc0ZbzKu6EeoEEBnu0PreLH/kjWKKhfPc/Y01khBQ.',NULL,NULL,NULL,1,'2015-11-29 09:59:44','2015-11-29 09:59:44','172.31.28.136','172.31.28.136','2015-11-29 09:59:44','2015-11-29 09:59:44','user288',NULL,288,'Computer Science',1,NULL,NULL,NULL,NULL,NULL,0,10,0),(294,'user289@gmail.com','$2a$10$00Ar5bokXX9qYciZjAnQneOX08sClMs4lBte9OvcMWHku5f33tXj2',NULL,NULL,NULL,1,'2015-11-29 09:59:46','2015-11-29 09:59:46','172.31.28.136','172.31.28.136','2015-11-29 09:59:46','2015-11-29 09:59:46','user289',NULL,289,'Computer Science',1,NULL,NULL,NULL,NULL,NULL,0,10,0),(295,'user290@gmail.com','$2a$10$ixCU0w7Mx2qqrMSEPOJKk.88M8J4mdm6pohJxdAKPQb2NL3sf5HYS',NULL,NULL,NULL,1,'2015-11-29 09:59:47','2015-11-29 09:59:47','172.31.28.136','172.31.28.136','2015-11-29 09:59:47','2015-11-29 09:59:47','user290',NULL,290,'Computer Science',1,NULL,NULL,NULL,NULL,NULL,0,10,0),(296,'user291@gmail.com','$2a$10$aYXA6CeAplz0wERnX/EXY.OHr/ewRZ3f5C1ljwtvMWuKDrN5JFiMe',NULL,NULL,NULL,1,'2015-11-29 09:59:48','2015-11-29 09:59:48','172.31.28.136','172.31.28.136','2015-11-29 09:59:48','2015-11-29 09:59:48','user291',NULL,291,'Computer Science',1,NULL,NULL,NULL,NULL,NULL,0,10,0),(297,'user292@gmail.com','$2a$10$WVYIkNJZsDgmkNRxIB3/w.kN1V1UIHc80K4xxgj5hwPkHFSKEFvGW',NULL,NULL,NULL,1,'2015-11-29 09:59:49','2015-11-29 09:59:49','172.31.28.136','172.31.28.136','2015-11-29 09:59:49','2015-11-29 09:59:49','user292',NULL,292,'Computer Science',1,NULL,NULL,NULL,NULL,NULL,0,10,0),(298,'user293@gmail.com','$2a$10$svhsteQyo4/Tf8agJlHZYOgC.RVpaURnOXBURHruOsiGnkCX.EY.i',NULL,NULL,NULL,1,'2015-11-29 09:59:54','2015-11-29 09:59:54','172.31.28.136','172.31.28.136','2015-11-29 09:59:54','2015-11-29 09:59:54','user293',NULL,293,'Computer Science',1,NULL,NULL,NULL,NULL,NULL,0,10,0),(299,'user294@gmail.com','$2a$10$J91aBSe7s7CAVQIJuMFbD.QhQ2GbUi839XDQMmG9LMc09ge1LinYa',NULL,NULL,NULL,1,'2015-11-29 09:59:55','2015-11-29 09:59:55','172.31.28.136','172.31.28.136','2015-11-29 09:59:55','2015-11-29 09:59:55','user294',NULL,294,'Computer Science',1,NULL,NULL,NULL,NULL,NULL,0,10,0),(300,'user295@gmail.com','$2a$10$KL6JbymtYfhJlT2xHo.DC.yDDKhHCbBy0eWsJr6qLddTU3PiIDmae',NULL,NULL,NULL,1,'2015-11-29 09:59:58','2015-11-29 09:59:58','172.31.28.136','172.31.28.136','2015-11-29 09:59:58','2015-11-29 09:59:58','user295',NULL,295,'Computer Science',1,NULL,NULL,NULL,NULL,NULL,0,10,0),(301,'user296@gmail.com','$2a$10$RhRsbkI8q0uDLwA4/ExKxuL1bVMscS4UJyerAlg6OvLkw4CoVFWBi',NULL,NULL,NULL,1,'2015-11-29 09:59:58','2015-11-29 09:59:58','172.31.28.136','172.31.28.136','2015-11-29 09:59:58','2015-11-29 09:59:58','user296',NULL,296,'Computer Science',1,NULL,NULL,NULL,NULL,NULL,0,10,0),(302,'user297@gmail.com','$2a$10$FwdwfS.KbAMvB/cHFOiql.FG8AKYHtgUezcBVcXHnBchZw4XYE/wq',NULL,NULL,NULL,1,'2015-11-29 09:59:59','2015-11-29 09:59:59','172.31.28.136','172.31.28.136','2015-11-29 09:59:59','2015-11-29 09:59:59','user297',NULL,297,'Computer Science',1,NULL,NULL,NULL,NULL,NULL,0,10,0),(303,'user298@gmail.com','$2a$10$FkenkHbVUuZMXddhMKE.2ufwdfdfceH9FSHQQe17b.m6SDKISfSmm',NULL,NULL,NULL,1,'2015-11-29 10:00:01','2015-11-29 10:00:01','172.31.28.136','172.31.28.136','2015-11-29 10:00:01','2015-11-29 10:00:01','user298',NULL,298,'Computer Science',1,NULL,NULL,NULL,NULL,NULL,0,10,0),(304,'user299@gmail.com','$2a$10$Ad9EsPHjfACCBwFeKkkJ5uKOp7zuhW7Ip1UAcSReOVVVakcTx.izm',NULL,NULL,NULL,1,'2015-11-29 10:00:06','2015-11-29 10:00:06','172.31.28.136','172.31.28.136','2015-11-29 10:00:06','2015-11-29 10:00:06','user299',NULL,299,'Computer Science',1,NULL,NULL,NULL,NULL,NULL,0,10,0),(305,'user300@gmail.com','$2a$10$fUdacgmyAvIJ9G.0cdIpt.6pNf9.1doiZLKbzfLHIHVS8PyLcTq3u',NULL,NULL,NULL,1,'2015-11-29 10:00:11','2015-11-29 10:00:11','172.31.28.136','172.31.28.136','2015-11-29 10:00:11','2015-11-29 10:00:11','user300',NULL,300,'Computer Science',1,NULL,NULL,NULL,NULL,NULL,0,10,0),(306,'user301@gmail.com','$2a$10$k.GuwugDBzBGHrcQxWAxYOeX.Q/Lkz.WRdMdkeo8ZO2ZP1p4IwhuO',NULL,NULL,NULL,1,'2015-11-29 10:00:12','2015-11-29 10:00:12','172.31.28.136','172.31.28.136','2015-11-29 10:00:12','2015-11-29 10:00:12','user301',NULL,301,'Computer Science',1,NULL,NULL,NULL,NULL,NULL,0,10,0),(307,'user302@gmail.com','$2a$10$QcHxRUbKwaKhYadEx7BkDe0yGft0N1iP5jWbRQ1mAON8cFI7i7vWa',NULL,NULL,NULL,1,'2015-11-29 10:00:13','2015-11-29 10:00:13','172.31.28.136','172.31.28.136','2015-11-29 10:00:12','2015-11-29 10:00:13','user302',NULL,302,'Computer Science',1,NULL,NULL,NULL,NULL,NULL,0,10,0),(308,'user303@gmail.com','$2a$10$cc7rglRRsiIotqDFnufgWOtZx3YicM4.7K3ZJOqTMluk1mCgBK5em',NULL,NULL,NULL,1,'2015-11-29 10:00:15','2015-11-29 10:00:15','172.31.28.136','172.31.28.136','2015-11-29 10:00:15','2015-11-29 10:00:15','user303',NULL,303,'Computer Science',1,NULL,NULL,NULL,NULL,NULL,0,10,0),(309,'user304@gmail.com','$2a$10$IdzGS8BYfVn.gJO7bn7G6enKKlQfebjiZGPIMDatAneMn9IXDrXXe',NULL,NULL,NULL,1,'2015-11-29 10:00:16','2015-11-29 10:00:16','172.31.28.136','172.31.28.136','2015-11-29 10:00:16','2015-11-29 10:00:16','user304',NULL,304,'Computer Science',1,NULL,NULL,NULL,NULL,NULL,0,10,0),(310,'user305@gmail.com','$2a$10$GlulZVOPkc0VEBKHKca4aOPSxEYM5nlagVHpw0nlYvR3fUsK0AkRu',NULL,NULL,NULL,1,'2015-11-29 10:00:17','2015-11-29 10:00:17','172.31.28.136','172.31.28.136','2015-11-29 10:00:17','2015-11-29 10:00:17','user305',NULL,305,'Computer Science',1,NULL,NULL,NULL,NULL,NULL,0,10,0),(311,'user306@gmail.com','$2a$10$n98MR7xYUdU2/jBwKL.7We.daSklUkxAFia22xKRDvcZqTebUktGu',NULL,NULL,NULL,1,'2015-11-29 10:00:29','2015-11-29 10:00:29','172.31.28.136','172.31.28.136','2015-11-29 10:00:29','2015-11-29 10:00:29','user306',NULL,306,'Computer Science',1,NULL,NULL,NULL,NULL,NULL,0,10,0),(312,'user307@gmail.com','$2a$10$TzJBIu3hpPhJE9RtAmPq0eeb3/13Ff/UfqK080vYCt69pAt/GsK4i',NULL,NULL,NULL,1,'2015-11-29 10:00:30','2015-11-29 10:00:30','172.31.28.136','172.31.28.136','2015-11-29 10:00:30','2015-11-29 10:00:30','user307',NULL,307,'Computer Science',1,NULL,NULL,NULL,NULL,NULL,0,10,0),(313,'user308@gmail.com','$2a$10$J42hXJG/fKlFxxBQRrPSAOJhq4McnW3rp6DLOPQHix9P8H1odFFVW',NULL,NULL,NULL,1,'2015-11-29 10:00:32','2015-11-29 10:00:32','172.31.28.136','172.31.28.136','2015-11-29 10:00:32','2015-11-29 10:00:32','user308',NULL,308,'Computer Science',1,NULL,NULL,NULL,NULL,NULL,0,10,0),(314,'user309@gmail.com','$2a$10$osMDg8QD.uI780uNTS3g.e7DUPimF3WXnP42mreb8Ss86De7bnzpG',NULL,NULL,NULL,1,'2015-11-29 10:00:36','2015-11-29 10:00:36','172.31.28.136','172.31.28.136','2015-11-29 10:00:36','2015-11-29 10:00:36','user309',NULL,309,'Computer Science',1,NULL,NULL,NULL,NULL,NULL,0,10,0),(315,'user310@gmail.com','$2a$10$lVH99dPMTwkueRD2qh67SOQ0esL5tWFDiLE1B8DiO3KBZvE4MdV9K',NULL,NULL,NULL,1,'2015-11-29 10:00:36','2015-11-29 10:00:36','172.31.28.136','172.31.28.136','2015-11-29 10:00:36','2015-11-29 10:00:36','user310',NULL,310,'Computer Science',1,NULL,NULL,NULL,NULL,NULL,0,10,0),(316,'user311@gmail.com','$2a$10$ovRjeFNJNw6X7nhaM4jEaONSWYopgTEHfElvCzkjhqpR/teWqwvCK',NULL,NULL,NULL,1,'2015-11-29 10:00:37','2015-11-29 10:00:37','172.31.28.136','172.31.28.136','2015-11-29 10:00:37','2015-11-29 10:00:37','user311',NULL,311,'Computer Science',1,NULL,NULL,NULL,NULL,NULL,0,10,0),(317,'user312@gmail.com','$2a$10$enLtYtGz/FzWWQhka4dekOUw/EP3FjN8CL2NlvtWWPLMC6N2G/oJS',NULL,NULL,NULL,1,'2015-11-29 10:00:39','2015-11-29 10:00:39','172.31.28.136','172.31.28.136','2015-11-29 10:00:39','2015-11-29 10:00:39','user312',NULL,312,'Computer Science',1,NULL,NULL,NULL,NULL,NULL,0,10,0),(318,'user313@gmail.com','$2a$10$n6dpj9nXdLauz1SlSNGxo.1zeDfPB8XFnzBnQFLZszpVPU/wbzGAi',NULL,NULL,NULL,1,'2015-11-29 10:00:40','2015-11-29 10:00:40','172.31.28.136','172.31.28.136','2015-11-29 10:00:40','2015-11-29 10:00:40','user313',NULL,313,'Computer Science',1,NULL,NULL,NULL,NULL,NULL,0,10,0),(319,'user314@gmail.com','$2a$10$560MK0LBxh9newa5fljQbuO50GicTvdCbHWi.FwC/T2i3IPfILOrS',NULL,NULL,NULL,1,'2015-11-29 10:00:41','2015-11-29 10:00:41','172.31.28.136','172.31.28.136','2015-11-29 10:00:41','2015-11-29 10:00:41','user314',NULL,314,'Computer Science',1,NULL,NULL,NULL,NULL,NULL,0,10,0),(320,'user315@gmail.com','$2a$10$uEWx5soyEgX4T.qqR9h4Lece.s6P.0Xm4eJEyrZ25bY3pAdikDTYK',NULL,NULL,NULL,1,'2015-11-29 10:00:41','2015-11-29 10:00:41','172.31.28.136','172.31.28.136','2015-11-29 10:00:41','2015-11-29 10:00:41','user315',NULL,315,'Computer Science',1,NULL,NULL,NULL,NULL,NULL,0,10,0),(321,'user316@gmail.com','$2a$10$/DrjmgEIdYsB6dAhSa2JDuNoL7Iq8GpjD2fAmH0uniNTeBsdnQ1Qq',NULL,NULL,NULL,1,'2015-11-29 10:00:43','2015-11-29 10:00:43','172.31.28.136','172.31.28.136','2015-11-29 10:00:43','2015-11-29 10:00:43','user316',NULL,316,'Computer Science',1,NULL,NULL,NULL,NULL,NULL,0,10,0),(322,'user317@gmail.com','$2a$10$8r78rFlYBHQOfS1oOiN0j.CY8aIAjCwvLbiJmqB5wFgPS6I1dLuIa',NULL,NULL,NULL,1,'2015-11-29 10:00:44','2015-11-29 10:00:44','172.31.28.136','172.31.28.136','2015-11-29 10:00:44','2015-11-29 10:00:44','user317',NULL,317,'Computer Science',1,NULL,NULL,NULL,NULL,NULL,0,10,0),(323,'user318@gmail.com','$2a$10$viK3wWZVIMIrnqL53vt/iOhR324jVvf8Ix.VQbWx.6.qsWTlDLjsm',NULL,NULL,NULL,1,'2015-11-29 10:00:45','2015-11-29 10:00:45','172.31.28.136','172.31.28.136','2015-11-29 10:00:45','2015-11-29 10:00:45','user318',NULL,318,'Computer Science',1,NULL,NULL,NULL,NULL,NULL,0,10,0),(324,'user319@gmail.com','$2a$10$w9e0Wb09MGtDPn3I82MOl.vlpej52XeR2TNh2MX8yYkvdmAuGGOie',NULL,NULL,NULL,1,'2015-11-29 10:00:45','2015-11-29 10:00:45','172.31.28.136','172.31.28.136','2015-11-29 10:00:45','2015-11-29 10:00:45','user319',NULL,319,'Computer Science',1,NULL,NULL,NULL,NULL,NULL,0,10,0),(325,'user320@gmail.com','$2a$10$.rngJ4GRP7KnaHvTiUexs.HQnEEVLAxQqGEgP8mDk/QHWwlOJWBYa',NULL,NULL,NULL,1,'2015-11-29 10:00:49','2015-11-29 10:00:49','172.31.28.136','172.31.28.136','2015-11-29 10:00:49','2015-11-29 10:00:49','user320',NULL,320,'Computer Science',1,NULL,NULL,NULL,NULL,NULL,0,10,0),(326,'user321@gmail.com','$2a$10$wi4Z.dGpF7F4YAWJWEdTp.YcdOa/J1UofU6ra0CVNha1yQQbvmQQa',NULL,NULL,NULL,1,'2015-11-29 10:00:51','2015-11-29 10:00:51','172.31.28.136','172.31.28.136','2015-11-29 10:00:51','2015-11-29 10:00:51','user321',NULL,321,'Computer Science',1,NULL,NULL,NULL,NULL,NULL,0,10,0),(327,'user322@gmail.com','$2a$10$kXSZpD7Rkz7eOqZo.jbH3u0KOqxtjtNs2MWObt3cTNvCAfLEjtQTq',NULL,NULL,NULL,1,'2015-11-29 10:00:53','2015-11-29 10:00:53','172.31.28.136','172.31.28.136','2015-11-29 10:00:53','2015-11-29 10:00:53','user322',NULL,322,'Computer Science',1,NULL,NULL,NULL,NULL,NULL,0,10,0),(328,'user323@gmail.com','$2a$10$u/gMvkqRXLSK9dDzZauXE.WEPoYqEMvDSQNDlvc44or6erRY7BAzS',NULL,NULL,NULL,1,'2015-11-29 10:00:54','2015-11-29 10:00:54','172.31.28.136','172.31.28.136','2015-11-29 10:00:54','2015-11-29 10:00:54','user323',NULL,323,'Computer Science',1,NULL,NULL,NULL,NULL,NULL,0,10,0),(329,'user324@gmail.com','$2a$10$0p0GQDhiJOYrQLpgej7PjeJG59R4Mnzrb33Sk4zyR7g3pt95sqEd.',NULL,NULL,NULL,1,'2015-11-29 10:00:55','2015-11-29 10:00:55','172.31.28.136','172.31.28.136','2015-11-29 10:00:55','2015-11-29 10:00:55','user324',NULL,324,'Computer Science',1,NULL,NULL,NULL,NULL,NULL,0,10,0),(330,'user325@gmail.com','$2a$10$1bVcNb9YxobqXDxzaD9o8O6Nrta5RbOUsZABXasSNxYDSrcEGSW2m',NULL,NULL,NULL,1,'2015-11-29 10:00:58','2015-11-29 10:00:58','172.31.28.136','172.31.28.136','2015-11-29 10:00:58','2015-11-29 10:00:58','user325',NULL,325,'Computer Science',1,NULL,NULL,NULL,NULL,NULL,0,10,0),(331,'user326@gmail.com','$2a$10$1HYk9jUiUD5RT6KmRVts7OuVEzjBIOUrDokWSMMT52.okYrKWqaGi',NULL,NULL,NULL,1,'2015-11-29 10:01:03','2015-11-29 10:01:03','172.31.28.136','172.31.28.136','2015-11-29 10:01:03','2015-11-29 10:01:03','user326',NULL,326,'Computer Science',1,NULL,NULL,NULL,NULL,NULL,0,10,0),(332,'user327@gmail.com','$2a$10$B13NJ43ALnncZnQzIFssku2zHA1UidNfqfeCPLEqoRVWME3eFJAfW',NULL,NULL,NULL,1,'2015-11-29 10:01:03','2015-11-29 10:01:03','172.31.28.136','172.31.28.136','2015-11-29 10:01:03','2015-11-29 10:01:03','user327',NULL,327,'Computer Science',1,NULL,NULL,NULL,NULL,NULL,0,10,0),(333,'user328@gmail.com','$2a$10$oJIvz/oXZk448jwlB7yY4OZrrzi9Y29ZN.wkWw8qG2.Z4wLqpY7om',NULL,NULL,NULL,1,'2015-11-29 10:01:04','2015-11-29 10:01:04','172.31.28.136','172.31.28.136','2015-11-29 10:01:04','2015-11-29 10:01:04','user328',NULL,328,'Computer Science',1,NULL,NULL,NULL,NULL,NULL,0,10,0),(334,'user329@gmail.com','$2a$10$VB4vNWt7Oz8LQxIDPzY7luZVypgBHuMtXDbTcHLyHpdjqURcH1Wei',NULL,NULL,NULL,1,'2015-11-29 10:01:04','2015-11-29 10:01:04','172.31.28.136','172.31.28.136','2015-11-29 10:01:04','2015-11-29 10:01:04','user329',NULL,329,'Computer Science',1,NULL,NULL,NULL,NULL,NULL,0,10,0),(335,'user330@gmail.com','$2a$10$sdRZaIIFyVAMK1LyBQZfJOZKTRZq/TolWzD.k9vMStVtsSkBBY3.a',NULL,NULL,NULL,1,'2015-11-29 10:01:04','2015-11-29 10:01:04','172.31.28.136','172.31.28.136','2015-11-29 10:01:04','2015-11-29 10:01:04','user330',NULL,330,'Computer Science',1,NULL,NULL,NULL,NULL,NULL,0,10,0),(336,'user331@gmail.com','$2a$10$/mnP55UhygoziWmOc.rVZ.Zxti9R6DJ1nejmzdy8OcI8vzY4mj.Nq',NULL,NULL,NULL,1,'2015-11-29 10:01:05','2015-11-29 10:01:05','172.31.28.136','172.31.28.136','2015-11-29 10:01:05','2015-11-29 10:01:05','user331',NULL,331,'Computer Science',1,NULL,NULL,NULL,NULL,NULL,0,10,0),(337,'user332@gmail.com','$2a$10$NHDaPM3Xg7f34SbkkAq4dObgNLZg8t10zHC2Orfiqas.652YT017K',NULL,NULL,NULL,1,'2015-11-29 10:01:06','2015-11-29 10:01:06','172.31.28.136','172.31.28.136','2015-11-29 10:01:06','2015-11-29 10:01:06','user332',NULL,332,'Computer Science',1,NULL,NULL,NULL,NULL,NULL,0,10,0),(338,'user333@gmail.com','$2a$10$A76sFwDKQ0fmcHRoT7VpwOUp1mMornhv8.RhfvG2jWwSNYbetjo9C',NULL,NULL,NULL,1,'2015-11-29 10:01:07','2015-11-29 10:01:07','172.31.28.136','172.31.28.136','2015-11-29 10:01:07','2015-11-29 10:01:07','user333',NULL,333,'Computer Science',1,NULL,NULL,NULL,NULL,NULL,0,10,0),(339,'user334@gmail.com','$2a$10$wP7sD1S1XMVEDDYDPUeEP.ceeAU7GhxnQugU7ofAMySL/z5QZ2.7y',NULL,NULL,NULL,1,'2015-11-29 10:01:09','2015-11-29 10:01:09','172.31.28.136','172.31.28.136','2015-11-29 10:01:09','2015-11-29 10:01:09','user334',NULL,334,'Computer Science',1,NULL,NULL,NULL,NULL,NULL,0,10,0),(340,'user335@gmail.com','$2a$10$iY3owG0oLgPWHeLVEjc9MOliqq4vqp4b/xJ5yRJNxy7Z3z3vbr8Wa',NULL,NULL,NULL,1,'2015-11-29 10:01:20','2015-11-29 10:01:20','172.31.28.136','172.31.28.136','2015-11-29 10:01:20','2015-11-29 10:01:20','user335',NULL,335,'Computer Science',1,NULL,NULL,NULL,NULL,NULL,0,10,0),(341,'user336@gmail.com','$2a$10$T18qgez02Mg0sr69hPHxCu0lyTn2oN5pPEUpPAVimk03/2YRkCUJC',NULL,NULL,NULL,1,'2015-11-29 10:01:21','2015-11-29 10:01:21','172.31.28.136','172.31.28.136','2015-11-29 10:01:20','2015-11-29 10:01:21','user336',NULL,336,'Computer Science',1,NULL,NULL,NULL,NULL,NULL,0,10,0),(342,'user337@gmail.com','$2a$10$z1Qq6a.N7HXhrQdWdE4sNutXPJDVJUH.OkVLz6PZt5G8V6vS/oLee',NULL,NULL,NULL,1,'2015-11-29 10:01:24','2015-11-29 10:01:24','172.31.28.136','172.31.28.136','2015-11-29 10:01:24','2015-11-29 10:01:24','user337',NULL,337,'Computer Science',1,NULL,NULL,NULL,NULL,NULL,0,10,0),(343,'user338@gmail.com','$2a$10$Grf00eyWD.TaPrQVa5tEpe8jXW4VUkofkJJZbkYbSClpQwMu4FdOW',NULL,NULL,NULL,1,'2015-11-29 10:01:27','2015-11-29 10:01:27','172.31.28.136','172.31.28.136','2015-11-29 10:01:27','2015-11-29 10:01:27','user338',NULL,338,'Computer Science',1,NULL,NULL,NULL,NULL,NULL,0,10,0),(344,'user339@gmail.com','$2a$10$yMkFPmew.hkmjjveQ/PS4eXwn/CMmaq8DJJziGKoBUdpzDlL1U/ra',NULL,NULL,NULL,1,'2015-11-29 10:01:27','2015-11-29 10:01:27','172.31.28.136','172.31.28.136','2015-11-29 10:01:27','2015-11-29 10:01:27','user339',NULL,339,'Computer Science',1,NULL,NULL,NULL,NULL,NULL,0,10,0),(345,'user340@gmail.com','$2a$10$8y1XNCjI9VF5IKqxam11JevUxHm6x3Qsw9NyOlWtrOU0Op6OJhOX6',NULL,NULL,NULL,1,'2015-11-29 10:01:28','2015-11-29 10:01:28','172.31.28.136','172.31.28.136','2015-11-29 10:01:28','2015-11-29 10:01:28','user340',NULL,340,'Computer Science',1,NULL,NULL,NULL,NULL,NULL,0,10,0),(346,'user341@gmail.com','$2a$10$fAPl52o5.M79HCVQjB6Vs.c9v28PAlx7ciJ.FhiLFFz2e20b5CqIS',NULL,NULL,NULL,1,'2015-11-29 10:01:31','2015-11-29 10:01:31','172.31.28.136','172.31.28.136','2015-11-29 10:01:31','2015-11-29 10:01:31','user341',NULL,341,'Computer Science',1,NULL,NULL,NULL,NULL,NULL,0,10,0),(347,'user342@gmail.com','$2a$10$TnHOPxr8Ns7fzm.TpcuKK.Q1QzHb.WiiY5.2FD6nDuu8Hj2SxNeKC',NULL,NULL,NULL,1,'2015-11-29 10:01:33','2015-11-29 10:01:33','172.31.28.136','172.31.28.136','2015-11-29 10:01:33','2015-11-29 10:01:33','user342',NULL,342,'Computer Science',1,NULL,NULL,NULL,NULL,NULL,0,10,0),(348,'user343@gmail.com','$2a$10$Bve8vZL4TqA/8YK.NrliO.zjuiuKNZpLFKoRBYCyMhk8W2hajB5Yu',NULL,NULL,NULL,1,'2015-11-29 10:01:34','2015-11-29 10:01:34','172.31.28.136','172.31.28.136','2015-11-29 10:01:34','2015-11-29 10:01:34','user343',NULL,343,'Computer Science',1,NULL,NULL,NULL,NULL,NULL,0,10,0),(349,'user344@gmail.com','$2a$10$R6LStezRROszMX53qQXj2.iV5NTJxyhvEAJwztRo6AP8/YhZ1BuXm',NULL,NULL,NULL,1,'2015-11-29 10:01:46','2015-11-29 10:01:46','172.31.28.136','172.31.28.136','2015-11-29 10:01:46','2015-11-29 10:01:46','user344',NULL,344,'Computer Science',1,NULL,NULL,NULL,NULL,NULL,0,10,0),(350,'user345@gmail.com','$2a$10$kU6P857BUP2QtQ7ouHQLGuOfzTTc/PB4WjN2BzIDFSXdRnDEDIo7e',NULL,NULL,NULL,1,'2015-11-29 10:01:49','2015-11-29 10:01:49','172.31.28.136','172.31.28.136','2015-11-29 10:01:49','2015-11-29 10:01:49','user345',NULL,345,'Computer Science',1,NULL,NULL,NULL,NULL,NULL,0,10,0),(351,'user346@gmail.com','$2a$10$UqWktht9Wn9EEjg90n/t3uLVwhhxLYgGJ/uMRoXzWUrWsZ4eeKJw2',NULL,NULL,NULL,1,'2015-11-29 10:01:51','2015-11-29 10:01:51','172.31.28.136','172.31.28.136','2015-11-29 10:01:51','2015-11-29 10:01:51','user346',NULL,346,'Computer Science',1,NULL,NULL,NULL,NULL,NULL,0,10,0),(352,'user347@gmail.com','$2a$10$/UiRWn4vr6DB/ykYLOmeOOrvi8/6NUtkSrWxj1qNdbckHP7L1ez7e',NULL,NULL,NULL,1,'2015-11-29 10:01:51','2015-11-29 10:01:51','172.31.28.136','172.31.28.136','2015-11-29 10:01:51','2015-11-29 10:01:51','user347',NULL,347,'Computer Science',1,NULL,NULL,NULL,NULL,NULL,0,10,0),(353,'user348@gmail.com','$2a$10$1qnzRchluRvTS68wXuLlFulpU8sBWzlL.07hOh/jJrzaii9EqeRH.',NULL,NULL,NULL,1,'2015-11-29 10:01:53','2015-11-29 10:01:53','172.31.28.136','172.31.28.136','2015-11-29 10:01:53','2015-11-29 10:01:53','user348',NULL,348,'Computer Science',1,NULL,NULL,NULL,NULL,NULL,0,10,0),(354,'user349@gmail.com','$2a$10$VOdLHi9V.7ulHUM5GYUMVOuOfsKHdAdm5g5sh9L0.nsBcXsxnjo9u',NULL,NULL,NULL,1,'2015-11-29 10:01:55','2015-11-29 10:01:55','172.31.28.136','172.31.28.136','2015-11-29 10:01:55','2015-11-29 10:01:55','user349',NULL,349,'Computer Science',1,NULL,NULL,NULL,NULL,NULL,0,10,0),(355,'user350@gmail.com','$2a$10$WYY69Z2ps9NiLcitRAaDxu9Nd7GnW9K/tuTsLP3MI9GtyrnPA8him',NULL,NULL,NULL,1,'2015-11-29 10:02:02','2015-11-29 10:02:02','172.31.28.136','172.31.28.136','2015-11-29 10:02:02','2015-11-29 10:02:02','user350',NULL,350,'Computer Science',1,NULL,NULL,NULL,NULL,NULL,0,10,0),(356,'user351@gmail.com','$2a$10$FhYk.rbjrzJWCM8T//rtQ.lMKqia1hQ3Q8cZANn9QBiMV0PhAOLTW',NULL,NULL,NULL,1,'2015-11-29 10:02:02','2015-11-29 10:02:02','172.31.28.136','172.31.28.136','2015-11-29 10:02:02','2015-11-29 10:02:02','user351',NULL,351,'Computer Science',1,NULL,NULL,NULL,NULL,NULL,0,10,0),(357,'user352@gmail.com','$2a$10$8992lolXmEDW0GTrgfmuDeiExRXBhiHgF7vYHehXDm42fu5R4T.Cm',NULL,NULL,NULL,1,'2015-11-29 10:02:05','2015-11-29 10:02:05','172.31.28.136','172.31.28.136','2015-11-29 10:02:05','2015-11-29 10:02:05','user352',NULL,352,'Computer Science',1,NULL,NULL,NULL,NULL,NULL,0,10,0),(358,'user353@gmail.com','$2a$10$YdlCOIXw0YDJFstwpICu3.1BPeB4X/YNqZmNqNMLvsDe.xEhAwlAe',NULL,NULL,NULL,1,'2015-11-29 10:02:15','2015-11-29 10:02:15','172.31.28.136','172.31.28.136','2015-11-29 10:02:14','2015-11-29 10:02:15','user353',NULL,353,'Computer Science',1,NULL,NULL,NULL,NULL,NULL,0,10,0),(359,'user354@gmail.com','$2a$10$VX8ujPgv2Jyg0jm5JNtjBeforDKdW6wu2A1WQQlxN.NxRHxLvL8nq',NULL,NULL,NULL,1,'2015-11-29 10:02:18','2015-11-29 10:02:18','172.31.28.136','172.31.28.136','2015-11-29 10:02:18','2015-11-29 10:02:18','user354',NULL,354,'Computer Science',1,NULL,NULL,NULL,NULL,NULL,0,10,0),(360,'user355@gmail.com','$2a$10$oL0M7VYp2P2YF7gRR7twTO03Q6Bstc2YA3opM0W2BYhhD1eaxhJi2',NULL,NULL,NULL,1,'2015-11-29 10:02:19','2015-11-29 10:02:19','172.31.28.136','172.31.28.136','2015-11-29 10:02:19','2015-11-29 10:02:19','user355',NULL,355,'Computer Science',1,NULL,NULL,NULL,NULL,NULL,0,10,0),(361,'user356@gmail.com','$2a$10$KZpH.hiQhbClDsWfcEbcy.X47EEXvc7H22RHxKSDA2c2HNPiFn2He',NULL,NULL,NULL,1,'2015-11-29 10:02:19','2015-11-29 10:02:19','172.31.28.136','172.31.28.136','2015-11-29 10:02:19','2015-11-29 10:02:19','user356',NULL,356,'Computer Science',1,NULL,NULL,NULL,NULL,NULL,0,10,0),(362,'user357@gmail.com','$2a$10$uoXud0DvulJ7EeZizeTLLudse2u6D3GwV/EZvaS1ftOaiRTPaQzSq',NULL,NULL,NULL,1,'2015-11-29 10:02:25','2015-11-29 10:02:25','172.31.28.136','172.31.28.136','2015-11-29 10:02:25','2015-11-29 10:02:25','user357',NULL,357,'Computer Science',1,NULL,NULL,NULL,NULL,NULL,0,10,0),(363,'user358@gmail.com','$2a$10$Jd0lqtsjE44yiC.OdTtMP.Mk.x6t/VY9WMV8niR5g6VtOA1UBf2f.',NULL,NULL,NULL,1,'2015-11-29 10:02:25','2015-11-29 10:02:25','172.31.28.136','172.31.28.136','2015-11-29 10:02:25','2015-11-29 10:02:25','user358',NULL,358,'Computer Science',1,NULL,NULL,NULL,NULL,NULL,0,10,0),(364,'user359@gmail.com','$2a$10$OQOBSpMmjxEOx6usuT4s5ewD2r5V6Ya3swBOdCINpdH9Ngbjf/i/S',NULL,NULL,NULL,1,'2015-11-29 10:02:28','2015-11-29 10:02:28','172.31.28.136','172.31.28.136','2015-11-29 10:02:28','2015-11-29 10:02:28','user359',NULL,359,'Computer Science',1,NULL,NULL,NULL,NULL,NULL,0,10,0),(365,'user360@gmail.com','$2a$10$xuUkJ5YUT3bsQ8KxaT5xXOGF3HsDTfo1e06t/VwGsd7TVaY/yY5Wi',NULL,NULL,NULL,1,'2015-11-29 10:02:31','2015-11-29 10:02:31','172.31.28.136','172.31.28.136','2015-11-29 10:02:31','2015-11-29 10:02:31','user360',NULL,360,'Computer Science',1,NULL,NULL,NULL,NULL,NULL,0,10,0),(366,'user361@gmail.com','$2a$10$0i7wGy06hKoEMPiM9pTokObCz206bzH097VixHS1P8qS.lPqL/M4m',NULL,NULL,NULL,1,'2015-11-29 10:02:32','2015-11-29 10:02:32','172.31.28.136','172.31.28.136','2015-11-29 10:02:32','2015-11-29 10:02:32','user361',NULL,361,'Computer Science',1,NULL,NULL,NULL,NULL,NULL,0,10,0),(367,'user362@gmail.com','$2a$10$1xiKt6p3kfUXjWwY2uDR0OTwmJfpZhftyo6cjv4crcrdWfMLcebAW',NULL,NULL,NULL,1,'2015-11-29 10:02:36','2015-11-29 10:02:36','172.31.28.136','172.31.28.136','2015-11-29 10:02:36','2015-11-29 10:02:36','user362',NULL,362,'Computer Science',1,NULL,NULL,NULL,NULL,NULL,0,10,0),(368,'user363@gmail.com','$2a$10$eP2UY.KcSR3ykRNOEIbhcOPNjUbItIpKGAcQeaV0BlOupRkNdjXt.',NULL,NULL,NULL,1,'2015-11-29 10:02:39','2015-11-29 10:02:39','172.31.28.136','172.31.28.136','2015-11-29 10:02:39','2015-11-29 10:02:39','user363',NULL,363,'Computer Science',1,NULL,NULL,NULL,NULL,NULL,0,10,0),(369,'user364@gmail.com','$2a$10$hBZysIazhQO0AZJYEpW48uDWurTfXGbqZiy5A9nKc9duGoLFhTMCq',NULL,NULL,NULL,1,'2015-11-29 10:02:41','2015-11-29 10:02:41','172.31.28.136','172.31.28.136','2015-11-29 10:02:41','2015-11-29 10:02:41','user364',NULL,364,'Computer Science',1,NULL,NULL,NULL,NULL,NULL,0,10,0),(370,'user365@gmail.com','$2a$10$2Is3oyrSqjT959ic.hlRu.XqsVShshGqFQ0UpIw8gFLxMJkSjcrCu',NULL,NULL,NULL,1,'2015-11-29 10:02:46','2015-11-29 10:02:46','172.31.28.136','172.31.28.136','2015-11-29 10:02:46','2015-11-29 10:02:46','user365',NULL,365,'Computer Science',1,NULL,NULL,NULL,NULL,NULL,0,10,0),(371,'user366@gmail.com','$2a$10$bmIIIjis3lhj2oNvLXcS9eLgyZr49iyPIgb06vrUSUZ7931plT7Fm',NULL,NULL,NULL,1,'2015-11-29 10:02:47','2015-11-29 10:02:47','172.31.28.136','172.31.28.136','2015-11-29 10:02:47','2015-11-29 10:02:47','user366',NULL,366,'Computer Science',1,NULL,NULL,NULL,NULL,NULL,0,10,0),(372,'user367@gmail.com','$2a$10$2ys2dDDa8M6wcxP4af5u2uQB1Yljf3ozo6GleyJyohZNockIff7H.',NULL,NULL,NULL,1,'2015-11-29 10:02:47','2015-11-29 10:02:47','172.31.28.136','172.31.28.136','2015-11-29 10:02:47','2015-11-29 10:02:47','user367',NULL,367,'Computer Science',1,NULL,NULL,NULL,NULL,NULL,0,10,0),(373,'user368@gmail.com','$2a$10$hTxjc8sxEPqLoBw6hTGiL.LofeoyCmtY2rdly3w1jrjux6.EZFZiy',NULL,NULL,NULL,1,'2015-11-29 10:02:50','2015-11-29 10:02:50','172.31.28.136','172.31.28.136','2015-11-29 10:02:50','2015-11-29 10:02:50','user368',NULL,368,'Computer Science',1,NULL,NULL,NULL,NULL,NULL,0,10,0),(374,'user369@gmail.com','$2a$10$VBqWT7AxVy0p70Cu4gzT9OyZ3xzeI499AliGjmKr75Hxpxpyd3lHG',NULL,NULL,NULL,1,'2015-11-29 10:02:51','2015-11-29 10:02:51','172.31.28.136','172.31.28.136','2015-11-29 10:02:51','2015-11-29 10:02:51','user369',NULL,369,'Computer Science',1,NULL,NULL,NULL,NULL,NULL,0,10,0),(375,'user370@gmail.com','$2a$10$XtPSGzz7gjV30EhEOCj87eQlaAIKdL7dRYZmZHzz0RhRBXazm9J/K',NULL,NULL,NULL,1,'2015-11-29 10:02:55','2015-11-29 10:02:55','172.31.28.136','172.31.28.136','2015-11-29 10:02:55','2015-11-29 10:02:55','user370',NULL,370,'Computer Science',1,NULL,NULL,NULL,NULL,NULL,0,10,0),(376,'user371@gmail.com','$2a$10$Wg0qRGkT1acQYM9Zd14NoOosV8YyHWGoN8cLVO55tOErW1H4R1u0m',NULL,NULL,NULL,1,'2015-11-29 10:02:56','2015-11-29 10:02:56','172.31.28.136','172.31.28.136','2015-11-29 10:02:56','2015-11-29 10:02:56','user371',NULL,371,'Computer Science',1,NULL,NULL,NULL,NULL,NULL,0,10,0),(377,'user372@gmail.com','$2a$10$r2VJnkfpLtmv/DLiFzijEOwcfOO6mjdn5Kyf6NA6VdiTCYi9WqHvu',NULL,NULL,NULL,1,'2015-11-29 10:02:57','2015-11-29 10:02:57','172.31.28.136','172.31.28.136','2015-11-29 10:02:57','2015-11-29 10:02:57','user372',NULL,372,'Computer Science',1,NULL,NULL,NULL,NULL,NULL,0,10,0),(378,'user373@gmail.com','$2a$10$U3Dpgb6.cJ6fryT2GfS1seKpj9s3BQI6NEFvVo3sCMHxwWcH7gWL.',NULL,NULL,NULL,1,'2015-11-29 10:02:59','2015-11-29 10:02:59','172.31.28.136','172.31.28.136','2015-11-29 10:02:59','2015-11-29 10:02:59','user373',NULL,373,'Computer Science',1,NULL,NULL,NULL,NULL,NULL,0,10,0),(379,'user374@gmail.com','$2a$10$16DI.HbJ4OLKHNaHzEVv9euL.vgnO900tlNoei8y5M2cqI.IA8A0e',NULL,NULL,NULL,1,'2015-11-29 10:03:00','2015-11-29 10:03:00','172.31.28.136','172.31.28.136','2015-11-29 10:03:00','2015-11-29 10:03:00','user374',NULL,374,'Computer Science',1,NULL,NULL,NULL,NULL,NULL,0,10,0),(380,'user375@gmail.com','$2a$10$mwfKR8sWKJ1HkhraifbwL.hFaTV5zUIwfpV1/3Cqc.5IfvkfPVp1q',NULL,NULL,NULL,1,'2015-11-29 10:03:10','2015-11-29 10:03:10','172.31.28.136','172.31.28.136','2015-11-29 10:03:10','2015-11-29 10:03:10','user375',NULL,375,'Computer Science',1,NULL,NULL,NULL,NULL,NULL,0,10,0),(381,'user376@gmail.com','$2a$10$aR1nCYkbc29H1iX0wusiee5sWdhdCL5TF3qgD5YIID29joabhSy9W',NULL,NULL,NULL,1,'2015-11-29 10:03:11','2015-11-29 10:03:11','172.31.28.136','172.31.28.136','2015-11-29 10:03:11','2015-11-29 10:03:11','user376',NULL,376,'Computer Science',1,NULL,NULL,NULL,NULL,NULL,0,10,0),(382,'user377@gmail.com','$2a$10$mrcXX6AuyLfhbY/OIXkKaObGcCkhCkTNVQtoRFNtr..GUi0t4joxS',NULL,NULL,NULL,1,'2015-11-29 10:03:15','2015-11-29 10:03:15','172.31.28.136','172.31.28.136','2015-11-29 10:03:15','2015-11-29 10:03:15','user377',NULL,377,'Computer Science',1,NULL,NULL,NULL,NULL,NULL,0,10,0),(383,'user378@gmail.com','$2a$10$iwShmMZLGyErXLZw5yWZgOzznuK996bJNqg9KgUeU1eeB87BO7Qbq',NULL,NULL,NULL,1,'2015-11-29 10:03:21','2015-11-29 10:03:21','172.31.28.136','172.31.28.136','2015-11-29 10:03:21','2015-11-29 10:03:21','user378',NULL,378,'Computer Science',1,NULL,NULL,NULL,NULL,NULL,0,10,0),(384,'user379@gmail.com','$2a$10$xfeY3IhCS1/1bN6pV4wam.T/hY6.EXUnVHsIIOVcRGOwSRGU3jopK',NULL,NULL,NULL,1,'2015-11-29 10:03:23','2015-11-29 10:03:23','172.31.28.136','172.31.28.136','2015-11-29 10:03:23','2015-11-29 10:03:23','user379',NULL,379,'Computer Science',1,NULL,NULL,NULL,NULL,NULL,0,10,0),(385,'user380@gmail.com','$2a$10$JbgbyP8mqLWy3n.1Tns/nO7hg65E3A7jM4Iq3hTq/hJLxlXIBIYzC',NULL,NULL,NULL,1,'2015-11-29 10:03:25','2015-11-29 10:03:25','172.31.28.136','172.31.28.136','2015-11-29 10:03:25','2015-11-29 10:03:25','user380',NULL,380,'Computer Science',1,NULL,NULL,NULL,NULL,NULL,0,10,0),(386,'user381@gmail.com','$2a$10$87zoQB0nV5e8U.6ImislguFxcZ5w2V6fAsq15BGKxLDJtmnFKgZKu',NULL,NULL,NULL,1,'2015-11-29 10:03:27','2015-11-29 10:03:27','172.31.28.136','172.31.28.136','2015-11-29 10:03:27','2015-11-29 10:03:27','user381',NULL,381,'Computer Science',1,NULL,NULL,NULL,NULL,NULL,0,10,0),(387,'user382@gmail.com','$2a$10$CDDqW7ao1M5G3ajwhXtbru8vdP1s/sFOA5G1SCy9xmn0cZpJEUeu2',NULL,NULL,NULL,1,'2015-11-29 10:03:29','2015-11-29 10:03:29','172.31.28.136','172.31.28.136','2015-11-29 10:03:29','2015-11-29 10:03:29','user382',NULL,382,'Computer Science',1,NULL,NULL,NULL,NULL,NULL,0,10,0),(388,'user383@gmail.com','$2a$10$RWyyQGO6ntuxwWuM27wvYOq5f4NizNPSnGUERtD8dxZldzxm7Svi.',NULL,NULL,NULL,1,'2015-11-29 10:03:29','2015-11-29 10:03:29','172.31.28.136','172.31.28.136','2015-11-29 10:03:29','2015-11-29 10:03:29','user383',NULL,383,'Computer Science',1,NULL,NULL,NULL,NULL,NULL,0,10,0),(389,'user384@gmail.com','$2a$10$xGfNjxWkbFla6wBqdMIu4uNMIEO8aGdHO2hDteK5xFCuNgqQrUn3a',NULL,NULL,NULL,1,'2015-11-29 10:03:30','2015-11-29 10:03:30','172.31.28.136','172.31.28.136','2015-11-29 10:03:30','2015-11-29 10:03:30','user384',NULL,384,'Computer Science',1,NULL,NULL,NULL,NULL,NULL,0,10,0),(390,'user385@gmail.com','$2a$10$h4NnobpiCTy23y/BHpO8ZeXIG78D255pIpvQdCKm/2UuvDt5D/TIC',NULL,NULL,NULL,1,'2015-11-29 10:03:34','2015-11-29 10:03:34','172.31.28.136','172.31.28.136','2015-11-29 10:03:34','2015-11-29 10:03:34','user385',NULL,385,'Computer Science',1,NULL,NULL,NULL,NULL,NULL,0,10,0),(391,'user386@gmail.com','$2a$10$M3AxW36vPBb/0KZdSReZtOIi6qjCDGHTl3vD4epP0g1OKd2uxTz3W',NULL,NULL,NULL,1,'2015-11-29 10:03:35','2015-11-29 10:03:35','172.31.28.136','172.31.28.136','2015-11-29 10:03:35','2015-11-29 10:03:35','user386',NULL,386,'Computer Science',1,NULL,NULL,NULL,NULL,NULL,0,10,0),(392,'user387@gmail.com','$2a$10$4lrN8FtxnRCMGm/HQ3LJje3TQN1vVM/RSBI4H517Z/kB0ULqmZWLm',NULL,NULL,NULL,1,'2015-11-29 10:03:39','2015-11-29 10:03:39','172.31.28.136','172.31.28.136','2015-11-29 10:03:39','2015-11-29 10:03:39','user387',NULL,387,'Computer Science',1,NULL,NULL,NULL,NULL,NULL,0,10,0),(393,'user388@gmail.com','$2a$10$mG1C/Ej5U7siZLY2wQEE1eVFWO2u6YrAIo.aeEgojaKwefyUa3ndG',NULL,NULL,NULL,1,'2015-11-29 10:03:42','2015-11-29 10:03:42','172.31.28.136','172.31.28.136','2015-11-29 10:03:42','2015-11-29 10:03:42','user388',NULL,388,'Computer Science',1,NULL,NULL,NULL,NULL,NULL,0,10,0),(394,'user389@gmail.com','$2a$10$bNjbGBGIB4AaxuxB.Oke5e5WVGOQv9JN1zTWxsX7sydecIqNsxgpy',NULL,NULL,NULL,1,'2015-11-29 10:03:44','2015-11-29 10:03:44','172.31.28.136','172.31.28.136','2015-11-29 10:03:44','2015-11-29 10:03:44','user389',NULL,389,'Computer Science',1,NULL,NULL,NULL,NULL,NULL,0,10,0),(395,'user390@gmail.com','$2a$10$EhPZh1Nh.nTJ3nfIFrtGvukUCneu86VkiiPOyshjTzRCCrP9STTQy',NULL,NULL,NULL,1,'2015-11-29 10:03:48','2015-11-29 10:03:48','172.31.28.136','172.31.28.136','2015-11-29 10:03:48','2015-11-29 10:03:48','user390',NULL,390,'Computer Science',1,NULL,NULL,NULL,NULL,NULL,0,10,0),(396,'user391@gmail.com','$2a$10$uUTtLuZaKEBrHVO0iLCZXeFdpc1TI8jYvATihJ3N7qxM2bg.X/Ge2',NULL,NULL,NULL,1,'2015-11-29 10:03:49','2015-11-29 10:03:49','172.31.28.136','172.31.28.136','2015-11-29 10:03:49','2015-11-29 10:03:49','user391',NULL,391,'Computer Science',1,NULL,NULL,NULL,NULL,NULL,0,10,0),(397,'user392@gmail.com','$2a$10$u4caCikZVMF0tuh7e3DH6.tASPJpQIIS05S9pozPFn8lGz0y1bZci',NULL,NULL,NULL,1,'2015-11-29 10:03:55','2015-11-29 10:03:55','172.31.28.136','172.31.28.136','2015-11-29 10:03:55','2015-11-29 10:03:55','user392',NULL,392,'Computer Science',1,NULL,NULL,NULL,NULL,NULL,0,10,0),(398,'user393@gmail.com','$2a$10$Mc9UjAhwn4/R8RRsLGpyeehGPbFPCWxtDR1HH0XcJI9Bf1wqcRRri',NULL,NULL,NULL,1,'2015-11-29 10:03:58','2015-11-29 10:03:58','172.31.28.136','172.31.28.136','2015-11-29 10:03:58','2015-11-29 10:03:58','user393',NULL,393,'Computer Science',1,NULL,NULL,NULL,NULL,NULL,0,10,0),(399,'user394@gmail.com','$2a$10$ty5c9Pzc2CG.ZnTdoF3lqOwQSHCKGTSkjEzfvc67N49jyg0V6L5b2',NULL,NULL,NULL,1,'2015-11-29 10:04:00','2015-11-29 10:04:00','172.31.28.136','172.31.28.136','2015-11-29 10:04:00','2015-11-29 10:04:00','user394',NULL,394,'Computer Science',1,NULL,NULL,NULL,NULL,NULL,0,10,0),(400,'user395@gmail.com','$2a$10$P9n5H32lH58gmSyLfQtz6uyxLTRz593MVwB4gJriqJAga9rIid06O',NULL,NULL,NULL,1,'2015-11-29 10:04:00','2015-11-29 10:04:00','172.31.28.136','172.31.28.136','2015-11-29 10:04:00','2015-11-29 10:04:00','user395',NULL,395,'Computer Science',1,NULL,NULL,NULL,NULL,NULL,0,10,0),(401,'user396@gmail.com','$2a$10$YA22KvDQdGxzQVxBpp9JcOQGE2CciTa8DssJMEyBzaX6vGRmhpK/O',NULL,NULL,NULL,1,'2015-11-29 10:04:01','2015-11-29 10:04:01','172.31.28.136','172.31.28.136','2015-11-29 10:04:01','2015-11-29 10:04:01','user396',NULL,396,'Computer Science',1,NULL,NULL,NULL,NULL,NULL,0,10,0),(402,'user397@gmail.com','$2a$10$yD8YD8/1U8c5Gco.CscTV.ml96ZHTzM3G1l4eihnoc91cFirISd8i',NULL,NULL,NULL,1,'2015-11-29 10:04:03','2015-11-29 10:04:03','172.31.28.136','172.31.28.136','2015-11-29 10:04:03','2015-11-29 10:04:03','user397',NULL,397,'Computer Science',1,NULL,NULL,NULL,NULL,NULL,0,10,0),(403,'user398@gmail.com','$2a$10$yCHKiF8dt6VUPinpPdfhOu7ck6K67F00KQON84gVwDVRPjeGky45G',NULL,NULL,NULL,1,'2015-11-29 10:04:05','2015-11-29 10:04:05','172.31.28.136','172.31.28.136','2015-11-29 10:04:05','2015-11-29 10:04:05','user398',NULL,398,'Computer Science',1,NULL,NULL,NULL,NULL,NULL,0,10,0),(404,'user399@gmail.com','$2a$10$/dgaKSlmkJsoCeBiU7ErveVNTl2UWog8bc/KvLexFMVjq04VxJqM6',NULL,NULL,NULL,1,'2015-11-29 10:04:09','2015-11-29 10:04:09','172.31.28.136','172.31.28.136','2015-11-29 10:04:09','2015-11-29 10:04:09','user399',NULL,399,'Computer Science',1,NULL,NULL,NULL,NULL,NULL,0,10,0),(405,'user400@gmail.com','$2a$10$sJ3sERZrIZgWpQcsOhgTJ.bpy2vWCss5g/qyCfZIcAvzyyru9Qsj.',NULL,NULL,NULL,1,'2015-11-29 10:04:12','2015-11-29 10:04:12','172.31.28.136','172.31.28.136','2015-11-29 10:04:12','2015-11-29 10:04:12','user400',NULL,400,'Computer Science',1,NULL,NULL,NULL,NULL,NULL,0,10,0),(406,'user401@gmail.com','$2a$10$85C6jqhV6Tn97C35dcGjt.auvhDY3rRL1li01JVUc9PxD.K4seS9u',NULL,NULL,NULL,1,'2015-11-29 10:04:12','2015-11-29 10:04:12','172.31.28.136','172.31.28.136','2015-11-29 10:04:12','2015-11-29 10:04:12','user401',NULL,401,'Computer Science',1,NULL,NULL,NULL,NULL,NULL,0,10,0),(407,'user402@gmail.com','$2a$10$DlJhKA1wvLr3xtILjznpmOWvVk1WBjYs55gJtUec7TVpA62R/3Pf6',NULL,NULL,NULL,1,'2015-11-29 10:04:15','2015-11-29 10:04:15','172.31.28.136','172.31.28.136','2015-11-29 10:04:15','2015-11-29 10:04:15','user402',NULL,402,'Computer Science',1,NULL,NULL,NULL,NULL,NULL,0,10,0),(408,'user403@gmail.com','$2a$10$eOZoS1XHOiuAFcHj6fCvhuKemZ8WqTvYF0JmJOa1NSe44enF9seP.',NULL,NULL,NULL,1,'2015-11-29 10:04:18','2015-11-29 10:04:18','172.31.28.136','172.31.28.136','2015-11-29 10:04:18','2015-11-29 10:04:18','user403',NULL,403,'Computer Science',1,NULL,NULL,NULL,NULL,NULL,0,10,0),(409,'user404@gmail.com','$2a$10$uqhvnQZcs0cezSzrtxB.RO39y6zyuJ7TF3jRWViht/IYqEaj7OrUC',NULL,NULL,NULL,1,'2015-11-29 10:04:19','2015-11-29 10:04:19','172.31.28.136','172.31.28.136','2015-11-29 10:04:19','2015-11-29 10:04:19','user404',NULL,404,'Computer Science',1,NULL,NULL,NULL,NULL,NULL,0,10,0),(410,'user405@gmail.com','$2a$10$8OBAYFlO64zjqZha1YjgDuQliZ.WAhn7oOEkTTRfgaK/0ZXfjjJ.W',NULL,NULL,NULL,1,'2015-11-29 10:04:20','2015-11-29 10:04:20','172.31.28.136','172.31.28.136','2015-11-29 10:04:20','2015-11-29 10:04:20','user405',NULL,405,'Computer Science',1,NULL,NULL,NULL,NULL,NULL,0,10,0),(411,'user406@gmail.com','$2a$10$qXcXoBUPnprXxfCbLfIY6eeUTvj9vnqHdd5ZWPJ3A3jB2s3hBWPUO',NULL,NULL,NULL,1,'2015-11-29 10:04:23','2015-11-29 10:04:23','172.31.28.136','172.31.28.136','2015-11-29 10:04:23','2015-11-29 10:04:23','user406',NULL,406,'Computer Science',1,NULL,NULL,NULL,NULL,NULL,0,10,0),(412,'user407@gmail.com','$2a$10$0jc2nlYvt/OqTgoEySO/Fu46XiZxv/hCDjQci/fta0x0kOsQtX4My',NULL,NULL,NULL,1,'2015-11-29 10:04:26','2015-11-29 10:04:26','172.31.28.136','172.31.28.136','2015-11-29 10:04:26','2015-11-29 10:04:26','user407',NULL,407,'Computer Science',1,NULL,NULL,NULL,NULL,NULL,0,10,0),(413,'user408@gmail.com','$2a$10$Bo9/RH1l.Gnhou./AztXEOYtQ5La06as6hjnHwm8vnvHOCqnJzwDi',NULL,NULL,NULL,1,'2015-11-29 10:04:27','2015-11-29 10:04:27','172.31.28.136','172.31.28.136','2015-11-29 10:04:27','2015-11-29 10:04:27','user408',NULL,408,'Computer Science',1,NULL,NULL,NULL,NULL,NULL,0,10,0),(414,'user409@gmail.com','$2a$10$JH21KABMgzrU/Y3kkRw.iue8jkS/wYY.yMUkeGzN89wHYxpCBAZYG',NULL,NULL,NULL,1,'2015-11-29 10:04:29','2015-11-29 10:04:29','172.31.28.136','172.31.28.136','2015-11-29 10:04:29','2015-11-29 10:04:29','user409',NULL,409,'Computer Science',1,NULL,NULL,NULL,NULL,NULL,0,10,0),(415,'user410@gmail.com','$2a$10$MkqULfVX3T8NAv5ZlWAuTu2ecxseoTRnvHyWat5QFhlg/8YMi/DqC',NULL,NULL,NULL,1,'2015-11-29 10:04:33','2015-11-29 10:04:33','172.31.28.136','172.31.28.136','2015-11-29 10:04:33','2015-11-29 10:04:33','user410',NULL,410,'Computer Science',1,NULL,NULL,NULL,NULL,NULL,0,10,0),(416,'user411@gmail.com','$2a$10$u/k5ns8ltLxPerq9LkGvI.qcypO0buVaGw5M1Q8OydajiCELqv9wu',NULL,NULL,NULL,1,'2015-11-29 10:04:33','2015-11-29 10:04:33','172.31.28.136','172.31.28.136','2015-11-29 10:04:33','2015-11-29 10:04:33','user411',NULL,411,'Computer Science',1,NULL,NULL,NULL,NULL,NULL,0,10,0),(417,'user412@gmail.com','$2a$10$tAmzMJ73n875aZ3mVrfU4uyo9cb6LCMKtl8stL45fQzPPi6Y7XK8G',NULL,NULL,NULL,1,'2015-11-29 10:04:34','2015-11-29 10:04:34','172.31.28.136','172.31.28.136','2015-11-29 10:04:34','2015-11-29 10:04:34','user412',NULL,412,'Computer Science',1,NULL,NULL,NULL,NULL,NULL,0,10,0),(418,'user413@gmail.com','$2a$10$nUbsSjUyEXgFpVIb2lSvL.HoJ8kXLerW6uiJ7hXO/NXcUYGAN2Hqe',NULL,NULL,NULL,1,'2015-11-29 10:04:36','2015-11-29 10:04:36','172.31.28.136','172.31.28.136','2015-11-29 10:04:36','2015-11-29 10:04:36','user413',NULL,413,'Computer Science',1,NULL,NULL,NULL,NULL,NULL,0,10,0),(419,'user414@gmail.com','$2a$10$IMxy33B/KdCywgg4IyYL4uYDiokKKmhtplVdtaoLGJ0aKQP63M9mO',NULL,NULL,NULL,1,'2015-11-29 10:04:37','2015-11-29 10:04:37','172.31.28.136','172.31.28.136','2015-11-29 10:04:37','2015-11-29 10:04:37','user414',NULL,414,'Computer Science',1,NULL,NULL,NULL,NULL,NULL,0,10,0),(420,'user415@gmail.com','$2a$10$a5evQOVSzoT7YtwwZv9b5e5C/buJlE0c5pP8VtBR8Zly0jyWW/4IC',NULL,NULL,NULL,1,'2015-11-29 10:04:37','2015-11-29 10:04:37','172.31.28.136','172.31.28.136','2015-11-29 10:04:37','2015-11-29 10:04:37','user415',NULL,415,'Computer Science',1,NULL,NULL,NULL,NULL,NULL,0,10,0),(421,'user416@gmail.com','$2a$10$Tt1hJZ2P1nRACBNCc85uG.B8z36p//QeoQDYn1kn6uwFch/v.lg7W',NULL,NULL,NULL,1,'2015-11-29 10:04:41','2015-11-29 10:04:41','172.31.28.136','172.31.28.136','2015-11-29 10:04:41','2015-11-29 10:04:41','user416',NULL,416,'Computer Science',1,NULL,NULL,NULL,NULL,NULL,0,10,0),(422,'user417@gmail.com','$2a$10$dab0igprGr0hm1f1bxQf6utydrpF8NyR7MwUF2ta3SATid3eR1cya',NULL,NULL,NULL,1,'2015-11-29 10:04:47','2015-11-29 10:04:47','172.31.28.136','172.31.28.136','2015-11-29 10:04:47','2015-11-29 10:04:47','user417',NULL,417,'Computer Science',1,NULL,NULL,NULL,NULL,NULL,0,10,0),(423,'user418@gmail.com','$2a$10$GmqYCppF7mU8p1h5unsmoO59QCAKAnF7c7yRbxEemaT12onx.UJNG',NULL,NULL,NULL,1,'2015-11-29 10:04:49','2015-11-29 10:04:49','172.31.28.136','172.31.28.136','2015-11-29 10:04:49','2015-11-29 10:04:49','user418',NULL,418,'Computer Science',1,NULL,NULL,NULL,NULL,NULL,0,10,0),(424,'user419@gmail.com','$2a$10$oQMdTXUsJ7V93uSlq6CS5OidZBtZbUUReziLK0gJyxNHQr2.t2ORy',NULL,NULL,NULL,1,'2015-11-29 10:04:50','2015-11-29 10:04:50','172.31.28.136','172.31.28.136','2015-11-29 10:04:50','2015-11-29 10:04:50','user419',NULL,419,'Computer Science',1,NULL,NULL,NULL,NULL,NULL,0,10,0),(425,'user420@gmail.com','$2a$10$yCpaJLUHu9WYsTfkoyxYK.VzW2X7CB2UDBFetN05uvwV1vCDRKnQm',NULL,NULL,NULL,1,'2015-11-29 10:04:52','2015-11-29 10:04:52','172.31.28.136','172.31.28.136','2015-11-29 10:04:52','2015-11-29 10:04:52','user420',NULL,420,'Computer Science',1,NULL,NULL,NULL,NULL,NULL,0,10,0),(426,'user421@gmail.com','$2a$10$Hbte/qV0ubnDLPb7j6UTMOqCJJ5CZ4uAjmCIN4j7mNQCjm99.KCei',NULL,NULL,NULL,1,'2015-11-29 10:04:56','2015-11-29 10:04:56','172.31.28.136','172.31.28.136','2015-11-29 10:04:56','2015-11-29 10:04:56','user421',NULL,421,'Computer Science',1,NULL,NULL,NULL,NULL,NULL,0,10,0),(427,'user422@gmail.com','$2a$10$dE4oyRs5nrm85RxTQBumK.rOewT1wkq.AOzRAc5kfBEtXGjHy.OVK',NULL,NULL,NULL,1,'2015-11-29 10:04:56','2015-11-29 10:04:56','172.31.28.136','172.31.28.136','2015-11-29 10:04:56','2015-11-29 10:04:56','user422',NULL,422,'Computer Science',1,NULL,NULL,NULL,NULL,NULL,0,10,0),(428,'user423@gmail.com','$2a$10$/107.xJ79.hlQ4jooAgbc.mEOWysXeG.c3OpI./z8F8CXLO5emBya',NULL,NULL,NULL,1,'2015-11-29 10:04:57','2015-11-29 10:04:57','172.31.28.136','172.31.28.136','2015-11-29 10:04:57','2015-11-29 10:04:57','user423',NULL,423,'Computer Science',1,NULL,NULL,NULL,NULL,NULL,0,10,0),(429,'user424@gmail.com','$2a$10$x7oCPxhD6l5pGD7p.dJ55OTcfF5ML9E79r5K8VYrxi3fMJJ4ha0jy',NULL,NULL,NULL,1,'2015-11-29 10:05:00','2015-11-29 10:05:00','172.31.28.136','172.31.28.136','2015-11-29 10:05:00','2015-11-29 10:05:00','user424',NULL,424,'Computer Science',1,NULL,NULL,NULL,NULL,NULL,0,10,0),(430,'user425@gmail.com','$2a$10$ZXhxCxglzHhxTGHyRPs1f.KcbXGD4XfMzfsNZu6kB6jYOQtlke6sy',NULL,NULL,NULL,1,'2015-11-29 10:05:03','2015-11-29 10:05:03','172.31.28.136','172.31.28.136','2015-11-29 10:05:03','2015-11-29 10:05:03','user425',NULL,425,'Computer Science',1,NULL,NULL,NULL,NULL,NULL,0,10,0),(431,'user426@gmail.com','$2a$10$MnXS.3nPWui2CSgItE1wm.E/P68ZjJ/ERRfSsnrSNL9YWzpaLvaX2',NULL,NULL,NULL,1,'2015-11-29 10:05:04','2015-11-29 10:05:04','172.31.28.136','172.31.28.136','2015-11-29 10:05:04','2015-11-29 10:05:04','user426',NULL,426,'Computer Science',1,NULL,NULL,NULL,NULL,NULL,0,10,0),(432,'user427@gmail.com','$2a$10$5mRWyrTZ5WyujqlrOLS9TeH1i5qqDq8E4/Gk6G2adT3rFwnvtn05K',NULL,NULL,NULL,1,'2015-11-29 10:05:05','2015-11-29 10:05:05','172.31.28.136','172.31.28.136','2015-11-29 10:05:05','2015-11-29 10:05:05','user427',NULL,427,'Computer Science',1,NULL,NULL,NULL,NULL,NULL,0,10,0),(433,'user428@gmail.com','$2a$10$4vw.rA0S5ZNtRqiWuOt3MuHrzQ/wG.CpCnl7bPC1rZcyICTBW0uZO',NULL,NULL,NULL,1,'2015-11-29 10:05:05','2015-11-29 10:05:05','172.31.28.136','172.31.28.136','2015-11-29 10:05:05','2015-11-29 10:05:05','user428',NULL,428,'Computer Science',1,NULL,NULL,NULL,NULL,NULL,0,10,0),(434,'user429@gmail.com','$2a$10$MCaEQcDHi55MXgfnIY7JhepZj2Mig1UiwcTlDMECMyHt9773iGWdu',NULL,NULL,NULL,1,'2015-11-29 10:05:14','2015-11-29 10:05:14','172.31.28.136','172.31.28.136','2015-11-29 10:05:14','2015-11-29 10:05:14','user429',NULL,429,'Computer Science',1,NULL,NULL,NULL,NULL,NULL,0,10,0),(435,'user430@gmail.com','$2a$10$7wulTk7YDHPjqoOJ0CjkUuJCIhGTJbIrhX5etaT54ktMsmkHPD2zG',NULL,NULL,NULL,1,'2015-11-29 10:05:17','2015-11-29 10:05:17','172.31.28.136','172.31.28.136','2015-11-29 10:05:17','2015-11-29 10:05:17','user430',NULL,430,'Computer Science',1,NULL,NULL,NULL,NULL,NULL,0,10,0),(436,'user431@gmail.com','$2a$10$BOqIcrrFixsvmUNTR6oaYeCmZ.Kuq1o.0klrOvJ7e8G65F4/nmiHe',NULL,NULL,NULL,1,'2015-11-29 10:05:19','2015-11-29 10:05:19','172.31.28.136','172.31.28.136','2015-11-29 10:05:19','2015-11-29 10:05:19','user431',NULL,431,'Computer Science',1,NULL,NULL,NULL,NULL,NULL,0,10,0),(437,'user432@gmail.com','$2a$10$.MmVy/WtGwSVapV0.ORCQuCMkgsj7OsHXEBcPmqKzjLW8tqjEgXv6',NULL,NULL,NULL,1,'2015-11-29 10:05:21','2015-11-29 10:05:21','172.31.28.136','172.31.28.136','2015-11-29 10:05:21','2015-11-29 10:05:21','user432',NULL,432,'Computer Science',1,NULL,NULL,NULL,NULL,NULL,0,10,0),(438,'user433@gmail.com','$2a$10$Jp98bovx.ajJFPBq6aQPeuJ2VQaCXwGHAmYgr8mmpDMASD1vaJHTO',NULL,NULL,NULL,1,'2015-11-29 10:05:22','2015-11-29 10:05:22','172.31.28.136','172.31.28.136','2015-11-29 10:05:22','2015-11-29 10:05:22','user433',NULL,433,'Computer Science',1,NULL,NULL,NULL,NULL,NULL,0,10,0),(439,'user434@gmail.com','$2a$10$9vnu5jZOgFlU1Vo3ztoLR.Bi1bqCn/NvU2q/m01AyRkCtAcVUb7ky',NULL,NULL,NULL,1,'2015-11-29 10:05:29','2015-11-29 10:05:29','172.31.28.136','172.31.28.136','2015-11-29 10:05:29','2015-11-29 10:05:29','user434',NULL,434,'Computer Science',1,NULL,NULL,NULL,NULL,NULL,0,10,0),(440,'user435@gmail.com','$2a$10$UnZPEU1sqKVZslt6rYYOwe2uVW3NG8MlE/J51aqqNFGoDrBtzYr9K',NULL,NULL,NULL,1,'2015-11-29 10:05:30','2015-11-29 10:05:30','172.31.28.136','172.31.28.136','2015-11-29 10:05:30','2015-11-29 10:05:30','user435',NULL,435,'Computer Science',1,NULL,NULL,NULL,NULL,NULL,0,10,0),(441,'user436@gmail.com','$2a$10$HJ2/wE2wrqDI85AsxB2bf.qoL7UXgCFC/AEYibAjtec4LGxMukziC',NULL,NULL,NULL,1,'2015-11-29 10:05:32','2015-11-29 10:05:32','172.31.28.136','172.31.28.136','2015-11-29 10:05:32','2015-11-29 10:05:32','user436',NULL,436,'Computer Science',1,NULL,NULL,NULL,NULL,NULL,0,10,0),(442,'user437@gmail.com','$2a$10$WnxjIGGfq7btA/twwRNK5eAbav8wICqMua073Exy2ZF7v.2ftwSkW',NULL,NULL,NULL,1,'2015-11-29 10:05:34','2015-11-29 10:05:34','172.31.28.136','172.31.28.136','2015-11-29 10:05:34','2015-11-29 10:05:34','user437',NULL,437,'Computer Science',1,NULL,NULL,NULL,NULL,NULL,0,10,0),(443,'user438@gmail.com','$2a$10$P8uCFXkv8Ysp4IYZXihYzuIC9nZWWndeHbSXJW1.leQD2UnQ716Di',NULL,NULL,NULL,1,'2015-11-29 10:05:40','2015-11-29 10:05:40','172.31.28.136','172.31.28.136','2015-11-29 10:05:40','2015-11-29 10:05:40','user438',NULL,438,'Computer Science',1,NULL,NULL,NULL,NULL,NULL,0,10,0),(444,'user439@gmail.com','$2a$10$Rj0AULGRXLkdjShebNxOfu1yrOtKPvolHdK3FHITMgh5sdZvPfCH2',NULL,NULL,NULL,1,'2015-11-29 10:05:42','2015-11-29 10:05:42','172.31.28.136','172.31.28.136','2015-11-29 10:05:42','2015-11-29 10:05:42','user439',NULL,439,'Computer Science',1,NULL,NULL,NULL,NULL,NULL,0,10,0),(445,'user440@gmail.com','$2a$10$0Umdl4cUbzk7NPSCTqoA7OIGkwcoG3/8UD0ywHWtJGZ0ryZcvzyue',NULL,NULL,NULL,1,'2015-11-29 10:05:44','2015-11-29 10:05:44','172.31.28.136','172.31.28.136','2015-11-29 10:05:44','2015-11-29 10:05:44','user440',NULL,440,'Computer Science',1,NULL,NULL,NULL,NULL,NULL,0,10,0),(446,'user441@gmail.com','$2a$10$KyB24Vub59Pv6pKnMQ9eQ.ORjqqv5Gr7dwNDn4dyYqr3ATwcaCS7C',NULL,NULL,NULL,1,'2015-11-29 10:05:45','2015-11-29 10:05:45','172.31.28.136','172.31.28.136','2015-11-29 10:05:45','2015-11-29 10:05:45','user441',NULL,441,'Computer Science',1,NULL,NULL,NULL,NULL,NULL,0,10,0),(447,'user442@gmail.com','$2a$10$nLlRPFY.3TTdPaYCOQMFK.pm408A6eMJmXAwoPiUqR.Xsu7ghtToC',NULL,NULL,NULL,1,'2015-11-29 10:05:48','2015-11-29 10:05:48','172.31.28.136','172.31.28.136','2015-11-29 10:05:48','2015-11-29 10:05:48','user442',NULL,442,'Computer Science',1,NULL,NULL,NULL,NULL,NULL,0,10,0),(448,'user443@gmail.com','$2a$10$9Nua/o/wb.xCyBli0BLxgOjxyU/ClXrRoaGtMrfjIr2OSLuNVHeIS',NULL,NULL,NULL,1,'2015-11-29 10:05:50','2015-11-29 10:05:50','172.31.28.136','172.31.28.136','2015-11-29 10:05:50','2015-11-29 10:05:50','user443',NULL,443,'Computer Science',1,NULL,NULL,NULL,NULL,NULL,0,10,0),(449,'user444@gmail.com','$2a$10$St2hC88dFWkc498D.EK6VOI/qgv.R0V.YYdmqawfI8U6AaKzT7M8a',NULL,NULL,NULL,1,'2015-11-29 10:05:50','2015-11-29 10:05:50','172.31.28.136','172.31.28.136','2015-11-29 10:05:50','2015-11-29 10:05:50','user444',NULL,444,'Computer Science',1,NULL,NULL,NULL,NULL,NULL,0,10,0),(450,'user445@gmail.com','$2a$10$Wmqv.DTQXcVoqyanyuBkbuqS9nIkB318e1QK6zzjcpwzJvjDsiVLO',NULL,NULL,NULL,1,'2015-11-29 10:05:51','2015-11-29 10:05:51','172.31.28.136','172.31.28.136','2015-11-29 10:05:51','2015-11-29 10:05:51','user445',NULL,445,'Computer Science',1,NULL,NULL,NULL,NULL,NULL,0,10,0),(451,'user446@gmail.com','$2a$10$O.2xNETSnkxYU7TMYuv49eU/tsRRuqyjI8NLfsF6SA1kxpoCqyZ2q',NULL,NULL,NULL,1,'2015-11-29 10:05:57','2015-11-29 10:05:57','172.31.28.136','172.31.28.136','2015-11-29 10:05:57','2015-11-29 10:05:57','user446',NULL,446,'Computer Science',1,NULL,NULL,NULL,NULL,NULL,0,10,0),(452,'user447@gmail.com','$2a$10$nNVtsg0iO1TAAxZ.u3gmIe4sjC9jcdobFgNvhahy4VkyDCQHA9Fp6',NULL,NULL,NULL,1,'2015-11-29 10:05:58','2015-11-29 10:05:58','172.31.28.136','172.31.28.136','2015-11-29 10:05:58','2015-11-29 10:05:58','user447',NULL,447,'Computer Science',1,NULL,NULL,NULL,NULL,NULL,0,10,0),(453,'user448@gmail.com','$2a$10$ZOy9.JySuothb/3SKECVCO266g945CsiJTP1PGAtYfmWhqnjx5UgG',NULL,NULL,NULL,1,'2015-11-29 10:05:59','2015-11-29 10:05:59','172.31.28.136','172.31.28.136','2015-11-29 10:05:59','2015-11-29 10:05:59','user448',NULL,448,'Computer Science',1,NULL,NULL,NULL,NULL,NULL,0,10,0),(454,'user449@gmail.com','$2a$10$x.uBYU.D7MqNI4HYzVXKHeu96K1ZeRW0gw54p531nalIls0eWOW5m',NULL,NULL,NULL,1,'2015-11-29 10:06:01','2015-11-29 10:06:01','172.31.28.136','172.31.28.136','2015-11-29 10:06:01','2015-11-29 10:06:01','user449',NULL,449,'Computer Science',1,NULL,NULL,NULL,NULL,NULL,0,10,0),(455,'user450@gmail.com','$2a$10$wRfSOA7r3L6FNWQ6btwzKudCag5bZgevn6ArRKauAHMbJ50aHsd2y',NULL,NULL,NULL,1,'2015-11-29 10:06:04','2015-11-29 10:06:04','172.31.28.136','172.31.28.136','2015-11-29 10:06:03','2015-11-29 10:06:04','user450',NULL,450,'Computer Science',1,NULL,NULL,NULL,NULL,NULL,0,10,0),(456,'user451@gmail.com','$2a$10$P/lgWie4OUI/DavlPj/vXOk0X.UHQh2jUXQvJEK.zdcd86yvlGWG2',NULL,NULL,NULL,1,'2015-11-29 10:06:05','2015-11-29 10:06:05','172.31.28.136','172.31.28.136','2015-11-29 10:06:05','2015-11-29 10:06:05','user451',NULL,451,'Computer Science',1,NULL,NULL,NULL,NULL,NULL,0,10,0),(457,'user452@gmail.com','$2a$10$Bmj8wc3XQYysVpaOhf/f8.tdqwVTGCYxU7uWaJP0SIX6wzNCB0nqq',NULL,NULL,NULL,1,'2015-11-29 10:06:06','2015-11-29 10:06:06','172.31.28.136','172.31.28.136','2015-11-29 10:06:06','2015-11-29 10:06:06','user452',NULL,452,'Computer Science',1,NULL,NULL,NULL,NULL,NULL,0,10,0),(458,'user453@gmail.com','$2a$10$C4RspD/ssum83ebEs.TE8.exSbXFd/0n0p65zvKen4WtPjGZi/42e',NULL,NULL,NULL,1,'2015-11-29 10:06:07','2015-11-29 10:06:07','172.31.28.136','172.31.28.136','2015-11-29 10:06:07','2015-11-29 10:06:07','user453',NULL,453,'Computer Science',1,NULL,NULL,NULL,NULL,NULL,0,10,0),(459,'user454@gmail.com','$2a$10$Ee2IvYMDV9ytCsm09Sbfsu1ErpS/KozlEs6Z5DDj/nP9O6z9967yO',NULL,NULL,NULL,1,'2015-11-29 10:06:10','2015-11-29 10:06:10','172.31.28.136','172.31.28.136','2015-11-29 10:06:10','2015-11-29 10:06:10','user454',NULL,454,'Computer Science',1,NULL,NULL,NULL,NULL,NULL,0,10,0),(460,'user455@gmail.com','$2a$10$/sctYmaYIwnoUywnrards.CXAShYvp4MNtEvWzgAQRd84FiZAWSSu',NULL,NULL,NULL,1,'2015-11-29 10:06:11','2015-11-29 10:06:11','172.31.28.136','172.31.28.136','2015-11-29 10:06:11','2015-11-29 10:06:11','user455',NULL,455,'Computer Science',1,NULL,NULL,NULL,NULL,NULL,0,10,0),(461,'user456@gmail.com','$2a$10$UAEgPyh3T9fGhAevRrUDqu9p./h074VKHord/1BCD.B2tojr1MN2i',NULL,NULL,NULL,1,'2015-11-29 10:06:12','2015-11-29 10:06:12','172.31.28.136','172.31.28.136','2015-11-29 10:06:12','2015-11-29 10:06:12','user456',NULL,456,'Computer Science',1,NULL,NULL,NULL,NULL,NULL,0,10,0),(462,'user457@gmail.com','$2a$10$4.srBNcrPsy.EdXvoAZso.zH3v5fBoBj48ZuHdSM/z1ngnb.NUe4O',NULL,NULL,NULL,1,'2015-11-29 10:06:16','2015-11-29 10:06:16','172.31.28.136','172.31.28.136','2015-11-29 10:06:16','2015-11-29 10:06:16','user457',NULL,457,'Computer Science',1,NULL,NULL,NULL,NULL,NULL,0,10,0),(463,'user458@gmail.com','$2a$10$h1a7hlkT8jfZ1pILlfeLHOrdbFGP2sQdfeHFEb2UvekXqOremmoHm',NULL,NULL,NULL,1,'2015-11-29 10:06:16','2015-11-29 10:06:16','172.31.28.136','172.31.28.136','2015-11-29 10:06:16','2015-11-29 10:06:16','user458',NULL,458,'Computer Science',1,NULL,NULL,NULL,NULL,NULL,0,10,0),(464,'user459@gmail.com','$2a$10$bgPueYZHMTkovCvxK7Z7QudHLRGA7Ohpps5OuT7WwdVasRSSH47mW',NULL,NULL,NULL,1,'2015-11-29 10:06:18','2015-11-29 10:06:18','172.31.28.136','172.31.28.136','2015-11-29 10:06:18','2015-11-29 10:06:18','user459',NULL,459,'Computer Science',1,NULL,NULL,NULL,NULL,NULL,0,10,0),(465,'user460@gmail.com','$2a$10$8/dBaO4lk293Lro1nhqu/u/Fisx4Gjnp54912sOKWqW/r2YFeBEEq',NULL,NULL,NULL,1,'2015-11-29 10:06:19','2015-11-29 10:06:19','172.31.28.136','172.31.28.136','2015-11-29 10:06:19','2015-11-29 10:06:19','user460',NULL,460,'Computer Science',1,NULL,NULL,NULL,NULL,NULL,0,10,0),(466,'user461@gmail.com','$2a$10$K2.xI5ifYpuzQspme9p6MOmJok7eHuRVx6mp8/2j5Knzez40QoYGK',NULL,NULL,NULL,1,'2015-11-29 10:06:24','2015-11-29 10:06:24','172.31.28.136','172.31.28.136','2015-11-29 10:06:24','2015-11-29 10:06:24','user461',NULL,461,'Computer Science',1,NULL,NULL,NULL,NULL,NULL,0,10,0),(467,'user462@gmail.com','$2a$10$s6SCLgARrdvKkgEMyBeQy.pYKPGYrVbjZbzYeYVldFjvb3r8H8yWu',NULL,NULL,NULL,1,'2015-11-29 10:06:38','2015-11-29 10:06:38','172.31.28.136','172.31.28.136','2015-11-29 10:06:38','2015-11-29 10:06:38','user462',NULL,462,'Computer Science',1,NULL,NULL,NULL,NULL,NULL,0,10,0),(468,'user463@gmail.com','$2a$10$pJsUtySrkEblxv1ea.UrfeARbZQr8/.Hh5UrtHWM17vWi0FBwSv.u',NULL,NULL,NULL,1,'2015-11-29 10:06:38','2015-11-29 10:06:38','172.31.28.136','172.31.28.136','2015-11-29 10:06:38','2015-11-29 10:06:38','user463',NULL,463,'Computer Science',1,NULL,NULL,NULL,NULL,NULL,0,10,0),(469,'user464@gmail.com','$2a$10$0sGxTLC8/rd3hqzObsj7COtYaKBvtnhsWHNaUk2OxI0xWm9t8HBlu',NULL,NULL,NULL,1,'2015-11-29 10:06:40','2015-11-29 10:06:40','172.31.28.136','172.31.28.136','2015-11-29 10:06:40','2015-11-29 10:06:40','user464',NULL,464,'Computer Science',1,NULL,NULL,NULL,NULL,NULL,0,10,0),(470,'user465@gmail.com','$2a$10$O8Nh4aD21YWQWS61yRcrDuDszaWPWuVtQwmkPHZrBkQvtiJLPEiTG',NULL,NULL,NULL,1,'2015-11-29 10:06:41','2015-11-29 10:06:41','172.31.28.136','172.31.28.136','2015-11-29 10:06:41','2015-11-29 10:06:41','user465',NULL,465,'Computer Science',1,NULL,NULL,NULL,NULL,NULL,0,10,0),(471,'user466@gmail.com','$2a$10$5lsMnc6VR7aA.sIQZnu4NO51.Mb8tsX3xaoJCO2snY.GaIMX8QABq',NULL,NULL,NULL,1,'2015-11-29 10:06:42','2015-11-29 10:06:42','172.31.28.136','172.31.28.136','2015-11-29 10:06:42','2015-11-29 10:06:42','user466',NULL,466,'Computer Science',1,NULL,NULL,NULL,NULL,NULL,0,10,0),(472,'user467@gmail.com','$2a$10$UGJM0.4Beb.KppV5gOLLWu00pL8rqI7aBJLJDDCT3CVrAb701.ZyG',NULL,NULL,NULL,1,'2015-11-29 10:06:43','2015-11-29 10:06:43','172.31.28.136','172.31.28.136','2015-11-29 10:06:43','2015-11-29 10:06:43','user467',NULL,467,'Computer Science',1,NULL,NULL,NULL,NULL,NULL,0,10,0),(473,'user468@gmail.com','$2a$10$Nz3EkFCbgJpo.ZOAmdLQ2.iXF7qkpV8EnXYGlBC1QF9icVfBuzPf.',NULL,NULL,NULL,1,'2015-11-29 10:06:50','2015-11-29 10:06:50','172.31.28.136','172.31.28.136','2015-11-29 10:06:50','2015-11-29 10:06:50','user468',NULL,468,'Computer Science',1,NULL,NULL,NULL,NULL,NULL,0,10,0),(474,'user469@gmail.com','$2a$10$xnw/PSl4JHHaOUIZsN0NA.zGwhwyzuVqXabNkpYSMHRdaS6VIhpSW',NULL,NULL,NULL,1,'2015-11-29 10:06:51','2015-11-29 10:06:51','172.31.28.136','172.31.28.136','2015-11-29 10:06:51','2015-11-29 10:06:51','user469',NULL,469,'Computer Science',1,NULL,NULL,NULL,NULL,NULL,0,10,0),(475,'user470@gmail.com','$2a$10$87xA1FIP4odw0p0i3pWcNuZksU0aaDJ9Q5PH1p6XL///8eVkTJHXe',NULL,NULL,NULL,1,'2015-11-29 10:06:53','2015-11-29 10:06:53','172.31.28.136','172.31.28.136','2015-11-29 10:06:53','2015-11-29 10:06:53','user470',NULL,470,'Computer Science',1,NULL,NULL,NULL,NULL,NULL,0,10,0),(476,'user471@gmail.com','$2a$10$nxTVrTD5H3gBGS7e5ER24.Z0NGf3Sat0FyJX4Tg0zbiq9rXblAi6K',NULL,NULL,NULL,1,'2015-11-29 10:06:54','2015-11-29 10:06:54','172.31.28.136','172.31.28.136','2015-11-29 10:06:54','2015-11-29 10:06:54','user471',NULL,471,'Computer Science',1,NULL,NULL,NULL,NULL,NULL,0,10,0),(477,'user472@gmail.com','$2a$10$6CJBRqCc8A9nqo1EIWsRzOZgRZNO6Rmqvl9mJy4ykwMdPv7wag54a',NULL,NULL,NULL,1,'2015-11-29 10:06:55','2015-11-29 10:06:55','172.31.28.136','172.31.28.136','2015-11-29 10:06:55','2015-11-29 10:06:55','user472',NULL,472,'Computer Science',1,NULL,NULL,NULL,NULL,NULL,0,10,0),(478,'user473@gmail.com','$2a$10$OxlRskNbEQbXcgTouJqIxuBKr769/uy4pI2wLlPZqOh17tamgmkFK',NULL,NULL,NULL,1,'2015-11-29 10:07:00','2015-11-29 10:07:00','172.31.28.136','172.31.28.136','2015-11-29 10:07:00','2015-11-29 10:07:00','user473',NULL,473,'Computer Science',1,NULL,NULL,NULL,NULL,NULL,0,10,0),(479,'user474@gmail.com','$2a$10$tPQdCPCedpS4r0IHOGpbseWLvG324pmogatXRM2jLwyKu7N1mb41G',NULL,NULL,NULL,1,'2015-11-29 10:07:01','2015-11-29 10:07:01','172.31.28.136','172.31.28.136','2015-11-29 10:07:01','2015-11-29 10:07:01','user474',NULL,474,'Computer Science',1,NULL,NULL,NULL,NULL,NULL,0,10,0),(480,'user475@gmail.com','$2a$10$frgPyu3w7Xxg3IuQ.BDQH.29bpgRZ.gJIwB99yyaRidIEw6N5h//a',NULL,NULL,NULL,1,'2015-11-29 10:07:09','2015-11-29 10:07:09','172.31.28.136','172.31.28.136','2015-11-29 10:07:09','2015-11-29 10:07:09','user475',NULL,475,'Computer Science',1,NULL,NULL,NULL,NULL,NULL,0,10,0),(481,'user476@gmail.com','$2a$10$Phdw.rh/7ZeUCRb4PYoAW.TC3S8kLhKkmI1ADddZGSalZ1gNX6nIi',NULL,NULL,NULL,1,'2015-11-29 10:07:11','2015-11-29 10:07:11','172.31.28.136','172.31.28.136','2015-11-29 10:07:11','2015-11-29 10:07:11','user476',NULL,476,'Computer Science',1,NULL,NULL,NULL,NULL,NULL,0,10,0),(482,'user477@gmail.com','$2a$10$dCBlZXuLxTqwpKWSNWgOBebp.cOFP4Zrm1uh75wEdizDFNZzVGh/q',NULL,NULL,NULL,1,'2015-11-29 10:07:13','2015-11-29 10:07:13','172.31.28.136','172.31.28.136','2015-11-29 10:07:13','2015-11-29 10:07:13','user477',NULL,477,'Computer Science',1,NULL,NULL,NULL,NULL,NULL,0,10,0),(483,'user478@gmail.com','$2a$10$qfG55Fs73FaaKwLt8ctAs.p4Etn2zgrVgp7Lw/7rduDE.lSeEHo5W',NULL,NULL,NULL,1,'2015-11-29 10:07:21','2015-11-29 10:07:21','172.31.28.136','172.31.28.136','2015-11-29 10:07:21','2015-11-29 10:07:21','user478',NULL,478,'Computer Science',1,NULL,NULL,NULL,NULL,NULL,0,10,0),(484,'user479@gmail.com','$2a$10$Ib.Y6dc1rRzPgAN/T1foK.pNDXgUqVnwCEwi/BpLCUl1JhRMpPc6S',NULL,NULL,NULL,1,'2015-11-29 10:07:21','2015-11-29 10:07:21','172.31.28.136','172.31.28.136','2015-11-29 10:07:21','2015-11-29 10:07:21','user479',NULL,479,'Computer Science',1,NULL,NULL,NULL,NULL,NULL,0,10,0),(485,'user480@gmail.com','$2a$10$KZ5M/rq77OUGytfCkvZwF.QV5.SUHJWz5ykZ/5FrKKz4g5FWaRgUK',NULL,NULL,NULL,1,'2015-11-29 10:07:23','2015-11-29 10:07:23','172.31.28.136','172.31.28.136','2015-11-29 10:07:23','2015-11-29 10:07:23','user480',NULL,480,'Computer Science',1,NULL,NULL,NULL,NULL,NULL,0,10,0),(486,'user481@gmail.com','$2a$10$HwVlRy//zoUULTwX3ic.B.dAH2gWM8Kw0HPYrmQJI87kvr0TdoC.G',NULL,NULL,NULL,1,'2015-11-29 10:07:24','2015-11-29 10:07:24','172.31.28.136','172.31.28.136','2015-11-29 10:07:24','2015-11-29 10:07:24','user481',NULL,481,'Computer Science',1,NULL,NULL,NULL,NULL,NULL,0,10,0),(487,'user482@gmail.com','$2a$10$41bTMWZituxUeUuaHrQbB.fJxAOX9qds4JJ6yqBGu/GkHygRSnFTa',NULL,NULL,NULL,1,'2015-11-29 10:07:25','2015-11-29 10:07:25','172.31.28.136','172.31.28.136','2015-11-29 10:07:25','2015-11-29 10:07:25','user482',NULL,482,'Computer Science',1,NULL,NULL,NULL,NULL,NULL,0,10,0),(488,'user483@gmail.com','$2a$10$csp5qs.J7YyI2FYRdkHuTebLg0O42HXhCoa1bD7YOL1lqkMS3XktW',NULL,NULL,NULL,1,'2015-11-29 10:07:25','2015-11-29 10:07:25','172.31.28.136','172.31.28.136','2015-11-29 10:07:25','2015-11-29 10:07:25','user483',NULL,483,'Computer Science',1,NULL,NULL,NULL,NULL,NULL,0,10,0),(489,'user484@gmail.com','$2a$10$fdcQT6PvEc9MDkPtesbxG.fm.7l5F1P4SQuQi992Guz7K5LN29jRq',NULL,NULL,NULL,1,'2015-11-29 10:07:31','2015-11-29 10:07:31','172.31.28.136','172.31.28.136','2015-11-29 10:07:31','2015-11-29 10:07:31','user484',NULL,484,'Computer Science',1,NULL,NULL,NULL,NULL,NULL,0,10,0),(490,'user485@gmail.com','$2a$10$DVCePEZziIaG2IhkhXmPcuVoENpGCqhAsFt7jElB19DkxXkUm.6HK',NULL,NULL,NULL,1,'2015-11-29 10:07:31','2015-11-29 10:07:31','172.31.28.136','172.31.28.136','2015-11-29 10:07:31','2015-11-29 10:07:31','user485',NULL,485,'Computer Science',1,NULL,NULL,NULL,NULL,NULL,0,10,0),(491,'user486@gmail.com','$2a$10$t9ukKbI41qDbwfn8.H2bA.XfYHX/LDHrgoFnR.IVh6NEaXBhAYHXa',NULL,NULL,NULL,1,'2015-11-29 10:07:31','2015-11-29 10:07:31','172.31.28.136','172.31.28.136','2015-11-29 10:07:31','2015-11-29 10:07:31','user486',NULL,486,'Computer Science',1,NULL,NULL,NULL,NULL,NULL,0,10,0),(492,'user487@gmail.com','$2a$10$CGnCi3t4.lPPWVIumiRSZOQM/tTFHBmQcof3Votv5slVE1GDH1YnG',NULL,NULL,NULL,1,'2015-11-29 10:07:34','2015-11-29 10:07:34','172.31.28.136','172.31.28.136','2015-11-29 10:07:34','2015-11-29 10:07:34','user487',NULL,487,'Computer Science',1,NULL,NULL,NULL,NULL,NULL,0,10,0),(493,'user488@gmail.com','$2a$10$9diyVQW8M9fxtiXjCbaRfuqiCYMYO1KjfHDAuC3j/bEm/aSmYxNtu',NULL,NULL,NULL,1,'2015-11-29 10:07:36','2015-11-29 10:07:36','172.31.28.136','172.31.28.136','2015-11-29 10:07:36','2015-11-29 10:07:36','user488',NULL,488,'Computer Science',1,NULL,NULL,NULL,NULL,NULL,0,10,0),(494,'user489@gmail.com','$2a$10$v98fuXmv1/H7YAiAX3kKFOqR3FSj5JdCNgo94p3vjM6KhGTqub4Vm',NULL,NULL,NULL,1,'2015-11-29 10:07:37','2015-11-29 10:07:37','172.31.28.136','172.31.28.136','2015-11-29 10:07:37','2015-11-29 10:07:37','user489',NULL,489,'Computer Science',1,NULL,NULL,NULL,NULL,NULL,0,10,0),(495,'user490@gmail.com','$2a$10$6J.eFl5wd0TsIIW18u4OIuyV0wDTi/oSnHum3iMOrfKCYz7.TFto.',NULL,NULL,NULL,1,'2015-11-29 10:07:38','2015-11-29 10:07:38','172.31.28.136','172.31.28.136','2015-11-29 10:07:38','2015-11-29 10:07:38','user490',NULL,490,'Computer Science',1,NULL,NULL,NULL,NULL,NULL,0,10,0),(496,'user491@gmail.com','$2a$10$E3iiazR/FG17MqcecGsuG.jBzMaTw1EkAhlb83y3gBIIMhQd.meWK',NULL,NULL,NULL,1,'2015-11-29 10:07:41','2015-11-29 10:07:41','172.31.28.136','172.31.28.136','2015-11-29 10:07:41','2015-11-29 10:07:41','user491',NULL,491,'Computer Science',1,NULL,NULL,NULL,NULL,NULL,0,10,0),(497,'user492@gmail.com','$2a$10$zDhfCeMOSDLCaV1jYFmO8O6w26.Zf0UcgWTYOj3NCRK5jujRuGlfG',NULL,NULL,NULL,1,'2015-11-29 10:07:42','2015-11-29 10:07:42','172.31.28.136','172.31.28.136','2015-11-29 10:07:42','2015-11-29 10:07:42','user492',NULL,492,'Computer Science',1,NULL,NULL,NULL,NULL,NULL,0,10,0),(498,'user493@gmail.com','$2a$10$58OiEnt/Ptag1MXYWhjrdOTgM/qW403WjTy5QD0yqCtlMprwv0M0C',NULL,NULL,NULL,1,'2015-11-29 10:07:43','2015-11-29 10:07:43','172.31.28.136','172.31.28.136','2015-11-29 10:07:43','2015-11-29 10:07:43','user493',NULL,493,'Computer Science',1,NULL,NULL,NULL,NULL,NULL,0,10,0),(499,'user494@gmail.com','$2a$10$O1sKNGVuAlaZL8f0kHE/2uDMvV9M90ZOEyir6NVW812a34TBR7EG.',NULL,NULL,NULL,1,'2015-11-29 10:07:48','2015-11-29 10:07:48','172.31.28.136','172.31.28.136','2015-11-29 10:07:48','2015-11-29 10:07:48','user494',NULL,494,'Computer Science',1,NULL,NULL,NULL,NULL,NULL,0,10,0),(500,'user495@gmail.com','$2a$10$EXvURXn8o8y15V1E/r8XK.Hr3NqJlX74hKFCRuKShfX8gXszfYJRK',NULL,NULL,NULL,1,'2015-11-29 10:07:49','2015-11-29 10:07:49','172.31.28.136','172.31.28.136','2015-11-29 10:07:49','2015-11-29 10:07:49','user495',NULL,495,'Computer Science',1,NULL,NULL,NULL,NULL,NULL,0,10,0),(501,'user496@gmail.com','$2a$10$EXXaNjUhS6y5GBZs6nOq0Oa9odjSjwd3.ZGftTWgqukVJk5isduja',NULL,NULL,NULL,1,'2015-11-29 10:07:56','2015-11-29 10:07:56','172.31.28.136','172.31.28.136','2015-11-29 10:07:56','2015-11-29 10:07:56','user496',NULL,496,'Computer Science',1,NULL,NULL,NULL,NULL,NULL,0,10,0),(502,'user497@gmail.com','$2a$10$UGt7uOTneIXX2GQbJBP7huQ483J4nDwAf5/CM0z6D.zigibeoWNXy',NULL,NULL,NULL,1,'2015-11-29 10:07:57','2015-11-29 10:07:57','172.31.28.136','172.31.28.136','2015-11-29 10:07:57','2015-11-29 10:07:57','user497',NULL,497,'Computer Science',1,NULL,NULL,NULL,NULL,NULL,0,10,0),(503,'user498@gmail.com','$2a$10$sMbgjKUF1M7nzjGxYNP6pOQbhrN4qcUn3LqncZly99iatXTkoIpzy',NULL,NULL,NULL,1,'2015-11-29 10:07:58','2015-11-29 10:07:58','172.31.28.136','172.31.28.136','2015-11-29 10:07:58','2015-11-29 10:07:58','user498',NULL,498,'Computer Science',1,NULL,NULL,NULL,NULL,NULL,0,10,0),(504,'user499@gmail.com','$2a$10$EbpZLfhH2cVyAiga7gAHneKY6bJ1tlbBd54.RodtgUE4yUBTVTQhy',NULL,NULL,NULL,1,'2015-11-29 10:07:59','2015-11-29 10:07:59','172.31.28.136','172.31.28.136','2015-11-29 10:07:59','2015-11-29 10:07:59','user499',NULL,499,'Computer Science',1,NULL,NULL,NULL,NULL,NULL,0,10,0),(505,'user500@gmail.com','$2a$10$6UrPXfWihyPa5rIdTDy.W.TRWP7WkStzCfoByFk8MT2OVAw9dU8iu',NULL,NULL,NULL,1,'2015-11-29 10:08:04','2015-11-29 10:08:04','172.31.28.136','172.31.28.136','2015-11-29 10:08:04','2015-11-29 10:08:04','user500',NULL,500,'Computer Science',1,NULL,NULL,NULL,NULL,NULL,0,10,0);
/*!40000 ALTER TABLE `users` ENABLE KEYS */;
UNLOCK TABLES;
/*!40103 SET TIME_ZONE=@OLD_TIME_ZONE */;

/*!40101 SET SQL_MODE=@OLD_SQL_MODE */;
/*!40014 SET FOREIGN_KEY_CHECKS=@OLD_FOREIGN_KEY_CHECKS */;
/*!40014 SET UNIQUE_CHECKS=@OLD_UNIQUE_CHECKS */;
/*!40101 SET CHARACTER_SET_CLIENT=@OLD_CHARACTER_SET_CLIENT */;
/*!40101 SET CHARACTER_SET_RESULTS=@OLD_CHARACTER_SET_RESULTS */;
/*!40101 SET COLLATION_CONNECTION=@OLD_COLLATION_CONNECTION */;
/*!40111 SET SQL_NOTES=@OLD_SQL_NOTES */;

-- Dump completed on 2015-11-29 10:11:09
